company_id,Oncology,Neurology/Psychiatry,Cardiovascular/Metabolic,Immunology/Autoimmune,Infectious Diseases,Hematology,Gastrointestinal/Hepatology,Dermatology,Ophthalmology,Respiratory,Urology/Renal,Pain Management/Anesthetics
25240322,1,1,0,1,1,0,1,0,0,1,0,0
213080,1,0,0,0,1,0,1,0,0,0,0,0
36018,1,0,1,0,0,0,0,0,0,1,0,0
262431,0,0,0,1,0,0,0,0,0,0,1,0
625814292,0,1,1,0,0,0,0,0,1,0,0,0
4493417,0,0,0,0,0,0,0,0,0,0,0,0
306254596,1,0,0,0,0,0,0,1,0,0,0,0
321992085,0,0,0,1,0,0,0,0,1,0,0,0
564868709,0,0,0,0,0,0,0,0,0,0,0,0
9620565,0,0,0,1,0,0,0,0,0,0,0,0
807324,0,0,0,0,1,0,0,0,0,1,0,0
47593327,0,0,1,0,0,0,0,0,1,1,0,1
697015966,1,0,0,0,0,0,0,0,0,0,0,0
102942,0,0,0,0,0,0,0,1,0,1,0,0
31370,0,1,0,0,0,0,0,0,0,0,0,0
324565060,0,1,0,0,0,0,0,0,1,0,0,0
539392639,1,0,0,0,0,1,0,0,0,0,0,0
25391880,1,0,0,0,0,0,0,0,0,0,0,0
542085131,1,0,0,1,0,1,1,1,0,0,0,0
72510621,1,1,0,0,1,0,0,0,0,0,0,0
35781,0,0,0,0,1,0,0,0,0,0,0,0
737474,0,0,0,0,0,0,0,1,0,0,0,0
276645250,0,0,0,0,0,0,0,0,0,0,0,0
7406282,0,0,0,1,1,0,1,0,0,0,0,0
307970474,1,0,0,1,0,0,0,0,0,1,0,0
998222,0,0,0,0,1,0,0,0,0,0,0,0
547384378,0,1,0,0,0,0,0,0,0,0,0,0
144939852,0,0,0,0,0,0,1,0,0,0,0,0
5705230,1,1,1,0,0,0,1,0,0,1,0,0
27725,0,0,0,0,0,0,0,0,0,0,0,0
207074711,0,0,0,0,0,0,0,0,1,0,0,0
878596,1,0,0,1,0,0,0,0,0,0,0,0
253892234,0,0,0,1,0,0,1,0,0,0,0,0
415070654,0,0,0,0,0,0,0,0,0,0,0,0
206907980,1,0,0,1,0,0,0,0,0,0,0,0
24106,1,0,1,1,0,0,0,0,0,0,0,0
23702931,0,1,0,0,0,0,0,0,0,0,0,0
53339386,0,1,0,1,0,0,1,0,0,0,0,0
100249028,1,0,0,0,0,0,0,0,1,0,1,0
252050056,1,0,0,1,0,1,0,0,1,0,0,0
9517715,0,0,0,0,0,0,0,0,0,0,0,0
9516520,1,0,0,0,0,0,0,0,0,0,1,0
602498309,0,0,0,0,0,0,0,0,0,0,0,0
24474,1,0,0,0,1,0,0,0,0,0,0,0
622668,0,0,0,0,1,0,0,1,0,0,0,0
4422885,0,0,0,0,0,0,0,0,0,0,0,0
20361040,0,0,0,0,0,0,0,0,0,1,0,0
258746,1,0,0,1,1,0,0,0,0,0,0,0
309457193,1,0,0,0,0,0,1,0,0,0,0,0
32388,1,1,0,1,1,1,0,0,0,0,0,0
304157325,1,0,0,1,0,0,0,0,0,0,0,0
30429264,0,0,0,0,0,0,0,0,0,0,0,0
555172586,0,0,0,0,0,0,0,0,0,0,0,0
47560241,1,0,0,1,0,0,0,0,0,0,0,0
215548781,0,0,0,0,0,0,0,0,0,0,0,0
131982,0,1,0,0,0,0,0,0,0,0,0,1
9681063,1,0,0,1,0,0,0,0,0,0,0,1
28757,0,0,0,0,0,0,0,0,0,0,0,0
880556,0,1,0,0,0,0,0,0,0,0,0,1
8088031,0,0,1,0,0,0,1,0,0,0,1,0
344890993,1,0,0,0,0,1,0,0,0,0,0,0
256359845,0,0,0,0,0,0,1,0,0,0,0,0
141885706,1,1,1,1,0,1,1,0,1,0,0,0
969333,0,1,1,0,1,0,0,1,0,0,0,1
320946407,0,0,0,0,0,1,1,0,0,0,0,0
31527,0,0,0,1,1,1,0,0,0,0,0,0
11382658,0,0,0,0,0,0,1,0,0,0,0,0
409956,1,0,0,1,0,0,0,0,0,0,0,0
32464,1,0,0,0,0,1,1,0,0,0,0,0
2985449,1,1,0,0,0,0,0,0,0,0,0,0
246886,0,0,0,0,0,0,0,0,0,0,0,0
622711087,0,1,0,0,0,0,0,0,0,0,0,0
29791,1,1,1,1,1,1,1,0,0,0,0,0
885129,0,0,0,0,0,0,0,0,0,0,0,0
3163077,0,0,0,0,0,0,0,0,0,0,0,0
266974060,0,0,1,0,0,0,0,0,0,0,0,0
7186386,0,0,0,0,0,0,1,0,0,0,0,0
3434256,0,0,0,1,0,0,0,0,1,0,0,0
29535381,0,1,0,0,0,0,0,0,0,0,0,0
121269,1,0,0,0,0,1,0,0,0,0,0,0
700837637,1,0,0,0,0,1,0,0,0,0,0,0
252824153,0,0,0,0,1,0,0,0,0,0,0,0
6124664,1,0,0,1,0,1,0,0,0,1,0,0
24309870,0,0,0,0,0,0,0,0,1,0,0,0
274902,0,1,0,1,1,0,0,0,0,0,0,1
143627354,1,1,0,0,0,1,0,0,0,0,0,0
383379282,0,0,0,0,1,0,1,0,0,1,0,0
541596858,0,0,0,0,0,0,0,0,1,0,0,0
4667093,1,0,0,0,0,0,0,0,0,0,0,0
36775,0,0,0,1,0,0,0,0,0,0,0,0
400078,1,0,0,0,0,1,0,0,0,0,0,0
27603970,1,1,1,1,0,0,0,0,0,0,1,0
330901583,1,0,0,0,1,0,0,0,0,0,0,0
3474216,1,1,1,0,1,0,0,0,0,0,0,0
36235,1,1,0,0,0,1,1,0,0,0,0,1
25336,0,1,0,0,0,0,0,0,0,0,0,1
272189231,1,0,0,0,0,1,0,0,0,0,0,0
1517644,0,0,0,1,0,0,0,1,0,0,0,0
26261,1,1,1,1,0,1,0,0,0,0,0,0
602087748,1,0,0,0,0,1,1,0,0,0,0,0
360935,0,0,0,0,0,0,0,1,1,0,0,0
596117,1,1,1,1,0,0,0,0,0,0,0,0
316977,1,0,0,0,1,0,1,0,0,0,0,0
315986912,0,1,1,0,0,0,0,0,0,0,0,0
232036063,1,1,0,1,0,0,1,1,0,1,0,0
386844,0,0,1,0,0,0,0,0,0,0,0,0
259910295,1,0,0,0,0,0,0,0,0,0,0,0
9240598,1,1,0,0,0,1,0,0,0,1,0,0
130894,1,0,0,1,0,0,1,0,0,1,0,0
35743,0,0,0,0,0,0,0,0,0,0,0,0
8142504,0,1,0,1,0,0,0,0,0,0,0,1
259059,0,0,0,0,0,0,0,0,0,0,0,0
9829321,1,0,0,0,0,0,0,1,0,0,0,0
630065948,1,0,0,1,0,0,1,0,0,0,0,0
100542295,0,0,0,0,0,0,1,1,0,1,0,0
274079952,1,0,0,1,0,0,0,0,0,0,0,0
3103092,0,0,1,0,1,0,0,0,0,0,1,0
25606,0,0,0,0,0,0,0,1,0,0,0,0
28675941,0,0,0,0,1,0,1,0,1,0,0,0
731580,0,0,0,0,0,0,1,0,0,0,0,0
350255,0,0,0,0,0,0,0,0,0,0,0,0
58798789,0,1,0,1,0,0,0,0,0,0,1,0
53742727,1,0,0,1,1,0,0,0,0,0,0,0
29785811,0,0,0,0,0,0,0,1,1,0,0,0
36742485,0,0,0,0,0,0,0,0,0,0,1,0
665948579,0,1,0,0,0,0,0,0,0,0,0,0
677867568,1,0,0,0,0,0,0,0,0,0,0,0
28941,1,0,0,0,0,0,0,0,0,0,0,0
6117181,0,0,1,1,0,0,0,1,0,0,0,0
29747,1,0,0,0,0,1,0,0,0,0,0,0
334227332,0,1,0,1,0,1,0,0,0,0,0,0
318668,0,0,0,0,1,0,0,0,0,0,0,1
1079241,0,0,0,0,0,0,0,0,1,0,0,0
99715344,0,0,0,0,1,0,1,0,0,0,0,0
340345,1,0,1,0,0,0,0,1,1,0,0,0
34119,1,0,0,0,1,0,0,0,0,0,0,0
879000,0,0,0,0,0,0,0,0,0,0,0,0
79064851,1,0,0,0,1,0,0,0,0,0,0,0
117471985,0,1,0,0,0,1,1,0,0,0,0,0
41955650,0,0,0,0,0,0,0,0,1,0,0,0
27271,0,0,1,0,0,0,0,0,0,0,0,0
121274,0,0,0,0,1,0,0,0,0,0,0,0
266368252,0,0,0,0,0,0,0,0,0,0,0,0
12736702,0,1,1,0,0,0,1,0,0,1,0,0
9746981,0,0,1,1,0,1,0,1,1,0,1,0
34538,0,0,0,0,0,0,0,0,0,0,0,0
2241741,0,1,0,0,0,0,0,0,0,0,0,1
252053415,0,0,0,0,0,0,0,0,1,1,0,0
3138596,0,1,0,0,0,0,0,0,0,0,0,0
2213974,1,1,0,0,0,0,0,0,0,0,0,0
42434000,0,0,0,1,1,0,0,1,0,0,0,0
93958,1,0,0,0,0,1,0,0,0,0,0,0
7490189,0,0,0,0,0,0,0,0,0,0,0,1
116958995,0,0,0,0,0,0,0,0,0,0,0,0
280816,0,0,0,1,0,0,0,0,0,0,0,0
40424708,1,0,0,0,0,0,0,0,0,0,0,0
33172220,0,0,1,0,0,0,0,0,0,1,0,0
734865,0,1,1,1,0,1,0,0,0,0,0,0
614130654,1,0,0,1,0,0,1,1,0,1,0,0
608699906,0,1,1,0,0,0,0,0,0,0,0,0
32555,0,0,0,0,0,0,0,0,0,0,0,0
428236982,0,0,0,0,0,0,0,0,0,0,0,0
33924,0,0,0,0,0,0,0,0,0,0,0,0
4866807,0,0,1,0,1,0,1,0,0,0,0,0
1029032,0,0,0,0,0,0,0,0,0,0,0,0
613227,0,0,0,0,0,0,0,0,0,0,0,0
38444119,0,1,0,1,0,0,0,0,0,0,0,0
37512626,1,0,0,0,0,0,0,0,0,0,0,0
33835,0,1,0,0,1,0,0,1,1,1,0,0
645865099,0,0,0,0,0,0,1,0,0,0,0,0
33840529,0,1,0,0,0,0,1,0,0,0,0,0
34221,0,0,0,0,0,0,0,0,0,0,0,0
134603894,0,0,0,0,1,0,0,0,0,0,0,0
690173412,1,0,0,0,0,1,0,0,0,0,0,0
658762,1,0,0,0,1,0,0,0,0,0,0,0
37144276,0,1,1,1,0,0,1,1,1,0,0,1
127531987,0,1,0,1,0,0,0,1,0,0,0,0
276414891,0,0,1,0,0,0,1,0,0,1,0,0
26000,1,0,1,1,1,0,0,0,0,1,0,0
663087242,1,0,0,1,0,0,0,0,0,0,0,0
339480,1,0,0,0,0,0,0,0,1,0,0,0
333195513,0,1,1,0,0,1,0,0,0,0,0,0
880932,0,0,1,1,1,0,0,1,0,0,0,0
1216695,1,0,0,0,0,1,0,0,0,0,0,0
669151476,1,1,1,1,1,1,0,0,0,0,0,0
10194985,1,0,0,0,0,1,0,0,0,0,0,0
4211633,1,0,0,1,0,0,0,0,0,0,0,0
878618,0,1,0,0,0,0,1,0,1,0,1,1
131325,0,0,0,0,0,0,0,0,1,0,0,0
404807,0,0,0,1,0,0,0,0,0,0,1,0
1882829,0,1,0,0,0,0,0,0,0,0,0,1
114041,0,0,1,1,1,0,1,0,0,0,0,0
702442629,1,0,0,0,0,0,0,0,0,0,0,0
661031,1,0,0,1,1,0,0,0,0,0,0,0
3366199,1,0,0,1,0,0,0,0,0,0,0,0
29929,1,0,0,1,0,0,0,0,0,0,0,0
676965261,1,0,0,0,0,0,0,0,0,0,0,0
418070523,0,1,1,1,0,0,0,0,0,0,0,0
288502,1,1,1,1,1,0,0,0,0,0,0,0
82767498,1,0,0,0,0,0,1,0,0,0,0,0
35106,0,0,0,0,0,0,0,0,0,0,0,0
8591867,0,0,1,0,0,0,0,0,0,0,0,0
4272801,0,0,0,0,1,0,0,0,0,0,0,0
429090,0,0,0,0,0,0,0,0,0,0,0,0
29794,1,0,0,0,0,0,0,0,0,0,0,0
8101165,0,0,1,0,0,0,1,1,0,1,0,1
2482138,0,0,0,0,0,0,0,0,1,0,0,0
242825322,1,1,0,1,1,0,0,0,0,1,0,0
33851,1,0,0,0,0,1,0,0,0,0,0,0
288870432,0,1,0,0,0,0,0,0,0,0,0,0
1455350,1,1,0,0,0,0,0,0,0,0,0,0
1816591253,0,0,0,1,0,0,0,1,0,1,0,0
29932,0,0,0,0,0,0,1,0,0,0,0,0
262241549,1,0,0,0,1,0,0,0,0,0,0,0
289036322,1,0,0,1,1,0,0,0,0,0,0,0
687117,0,1,1,1,0,0,0,0,0,0,0,1
401184,0,0,1,0,1,0,0,0,0,0,0,0
12961651,1,0,1,1,1,0,0,0,0,0,0,0
608446276,1,1,0,1,0,0,1,1,0,1,0,0
271123063,1,1,0,1,1,0,0,0,0,0,0,0
21829412,1,0,0,0,0,0,1,0,0,0,0,0
32651,0,0,0,0,0,0,1,0,1,0,0,0
264106586,0,0,0,0,0,0,0,0,0,0,0,0
182949,0,1,0,0,0,0,0,0,0,0,0,0
558548528,0,1,0,1,0,0,0,0,0,1,0,0
348107,1,0,0,0,0,0,0,1,0,0,1,0
28875,0,0,0,1,1,0,0,0,0,0,0,0
134115017,0,1,0,0,0,0,0,0,0,0,0,0
28922,1,0,0,0,1,0,0,0,0,0,0,0
39366358,0,1,0,0,0,0,0,0,1,0,0,0
336341295,0,1,0,0,0,0,0,0,0,0,0,0
5015080,1,0,0,0,0,1,0,1,0,0,0,0
141930906,0,0,0,0,0,0,0,1,0,0,0,0
289125551,0,0,0,0,0,0,0,0,0,0,0,0
28511833,0,0,1,0,0,0,0,0,0,0,0,0
1675972978,0,1,0,0,0,0,0,0,0,0,0,0
2840617,1,0,0,0,0,0,0,0,0,0,0,0
32271,0,0,0,0,1,0,1,0,0,0,0,0
1006484,0,1,0,0,0,1,0,0,0,0,0,0
269599,0,0,0,0,0,0,0,0,0,0,0,0
3462053,1,0,0,0,0,0,0,0,0,0,0,0
306140818,0,0,1,1,0,0,0,0,0,0,0,0
36274487,0,0,0,0,0,0,0,0,1,0,0,0
529779470,0,1,1,0,0,0,0,0,0,0,0,0
139391,0,0,0,0,0,0,0,1,0,0,0,0
136714,1,0,0,0,0,0,1,0,0,0,0,0
343534,0,0,0,0,1,0,0,0,0,0,0,0
349463,1,0,0,1,0,1,0,0,0,0,0,0
21770633,1,0,0,0,0,1,0,0,0,0,0,0
619256344,0,1,1,0,0,0,0,0,0,0,0,1
11129608,0,0,0,0,0,0,0,1,1,0,0,0
2520553,0,1,0,0,0,0,0,0,0,0,0,0
283828497,0,0,0,1,0,0,0,0,0,0,0,0
323452,0,0,1,0,0,1,0,0,0,0,0,0
23828956,1,0,0,0,0,0,1,1,0,0,0,0
127478785,0,1,0,0,0,0,0,0,0,0,0,0
249249899,0,1,0,0,0,0,0,0,0,0,0,0
732397,1,0,0,1,0,0,0,0,0,0,0,0
29199209,0,0,0,0,0,0,0,0,0,0,0,0
26322,1,1,0,0,0,1,0,0,0,0,0,1
333301486,0,0,0,0,0,0,0,0,1,0,0,0
21826171,1,0,0,1,0,0,0,0,0,0,0,0
26241,0,0,0,0,0,1,0,0,0,0,0,0
287090,0,0,1,0,0,0,0,0,0,0,0,0
7657914,1,0,0,0,0,0,0,0,0,0,0,1
28311,1,0,0,0,1,0,1,0,0,0,0,0
349721,0,0,1,1,0,0,0,0,0,0,0,0
49553576,0,0,0,0,1,0,0,0,0,0,0,0
13565068,0,1,1,0,0,0,0,0,0,0,0,0
304391755,1,0,0,1,0,0,0,0,0,0,0,0
203142,0,1,1,1,1,0,0,0,0,1,0,0
364865,1,0,1,0,0,0,1,0,0,0,0,0
650787124,1,0,0,0,0,0,1,0,0,0,0,0
1873020488,1,0,0,0,0,0,0,0,0,0,0,0
183881,0,0,0,0,0,1,0,0,0,0,0,0
115902660,1,0,0,0,0,0,0,0,0,0,1,0
700448,1,1,0,1,0,0,0,0,0,0,0,0
35888,1,0,0,1,0,0,0,0,0,0,0,0
216879819,1,0,0,1,0,0,0,1,0,0,0,0
710359021,0,1,0,0,0,0,0,0,0,0,0,0
7902559,1,1,1,0,0,0,0,0,0,0,1,1
318354064,0,0,0,0,1,0,0,0,0,0,1,0
615643488,0,0,0,1,0,0,0,1,0,1,0,0
135212,1,0,1,1,1,0,0,0,0,0,0,0
877050,0,0,0,0,0,0,0,0,0,1,1,1
1267824,0,0,0,0,1,0,0,1,0,0,0,0
98376436,0,0,0,0,0,0,0,0,0,0,0,0
60048201,1,0,0,0,1,0,0,0,0,0,0,1
199775,0,0,0,0,0,0,0,0,0,0,0,0
278618386,0,0,0,0,0,0,0,0,0,0,0,0
873661,1,1,1,0,0,0,1,1,1,1,0,1
557389546,0,0,0,0,1,0,0,0,0,1,0,0
9985914,0,0,0,1,0,1,0,0,0,0,0,0
130641748,0,0,0,0,0,0,0,0,1,0,0,0
35712,0,0,0,0,0,0,0,0,0,0,0,0
52322137,1,0,0,0,0,0,0,0,0,0,0,0
1848383665,1,0,0,1,0,0,0,0,0,0,0,0
642056462,1,1,0,0,0,0,0,0,1,0,0,0
12930666,1,0,0,0,0,1,0,0,0,0,0,0
352160,0,0,0,0,0,0,0,1,0,0,1,1
1011555,1,0,0,0,1,0,0,0,0,0,0,0
27975848,0,0,0,0,1,0,0,0,0,0,0,0
312617897,1,0,0,1,0,0,0,0,0,0,0,0
1765406333,0,0,0,0,0,0,0,0,0,0,0,0
95777,0,0,0,1,1,0,0,0,0,1,0,0
706016439,0,0,0,1,0,0,1,1,0,1,0,0
3131686,1,0,0,0,0,0,0,0,0,0,0,0
282848,0,1,0,0,0,0,1,0,0,0,0,0
12631015,1,0,0,0,0,1,0,0,0,0,0,0
233586353,1,0,0,0,0,0,1,0,0,0,0,0
23712064,1,1,1,0,0,0,1,0,0,1,0,0
2221159,0,0,0,0,0,0,0,0,0,0,0,0
35764,0,0,0,0,1,0,0,0,0,0,0,0
3698914,0,0,0,0,1,0,0,0,0,0,0,0
564610577,1,0,0,1,0,1,1,0,0,0,0,0
754820,1,0,0,0,1,1,0,0,0,0,0,0
641326926,0,0,0,0,0,1,0,0,0,0,0,0
33940575,0,0,0,1,0,0,1,0,0,1,0,0
291249,0,0,0,0,0,0,0,0,0,0,0,0
111808,1,0,0,0,0,1,0,0,0,0,0,0
583290358,0,0,1,0,0,0,1,0,0,0,0,0
562879769,1,0,0,1,0,0,0,0,0,0,0,0
32070,0,1,1,0,0,0,0,0,0,0,0,1
1800783773,1,0,0,0,0,0,0,0,0,0,0,0
408328234,1,0,0,1,0,1,0,0,0,0,0,0
282005,0,0,0,0,0,0,0,0,0,1,0,0
656470663,0,1,0,0,0,0,0,0,0,0,0,0
62120637,0,0,0,1,0,0,0,0,0,0,0,0
303022599,1,0,0,0,1,0,0,0,0,0,0,0
263712791,0,0,0,0,0,0,0,0,0,0,0,0
3733605,0,0,0,0,0,0,0,0,0,0,0,0
519250,1,0,0,0,1,0,0,1,0,0,0,0
24846,0,0,1,0,0,0,0,0,0,0,0,0
242425883,0,0,0,1,0,0,0,1,0,0,0,0
121270,1,0,0,0,0,0,0,0,0,0,0,0
290112314,0,0,0,0,0,0,0,0,0,0,0,0
1673035637,1,1,0,1,0,1,1,0,0,0,0,0
36398,0,0,1,0,0,0,1,0,0,1,1,0
324406,0,1,0,0,0,0,0,0,0,0,0,1
249205,0,1,0,0,0,0,0,1,1,0,0,0
386045,1,0,0,0,1,0,1,0,0,0,0,0
4262436,0,0,1,1,0,0,1,0,0,0,0,0
108801544,1,0,0,0,1,0,0,1,0,0,0,0
6099166,1,0,0,1,1,1,0,0,0,0,0,0
543567629,1,1,0,1,0,0,0,0,0,0,0,0
9934314,1,0,0,0,0,0,0,0,0,0,0,0
7641926,0,0,0,0,0,0,0,0,0,0,0,0
1427456,0,0,0,0,0,0,0,0,0,1,0,0
240999442,0,1,0,0,0,0,0,1,0,1,0,0
252447310,1,0,0,0,0,0,0,0,0,0,0,0
260581,0,0,0,0,0,0,0,0,0,0,0,0
7687545,0,0,0,0,0,0,0,0,0,0,0,0
6511914,0,0,0,1,0,0,0,0,0,0,0,0
59211637,0,0,0,1,0,0,0,0,0,1,0,0
61731337,1,1,0,1,1,1,0,1,0,0,0,1
878688,0,0,0,0,0,0,1,1,0,0,1,1
9344828,0,1,0,0,0,0,0,1,0,0,0,0
349571,1,0,0,0,0,0,0,0,0,0,1,0
613615658,0,0,0,0,0,0,1,0,0,0,0,0
427845,0,0,0,0,1,0,0,1,0,0,0,0
20950715,1,0,0,0,0,0,0,0,0,0,0,0
25191,0,0,1,1,0,0,0,0,0,0,0,0
612675656,0,0,1,0,0,0,0,0,0,0,0,0
28896184,1,0,0,0,0,1,0,0,0,0,0,0
109528,0,1,0,0,0,0,1,0,0,0,1,0
576453668,0,1,0,0,0,0,0,0,0,0,0,0
347983,0,1,0,1,1,1,0,0,0,0,0,0
372848,0,1,0,0,0,0,0,0,0,0,0,0
8210228,0,0,1,0,0,0,0,0,0,0,0,0
878445,0,0,0,0,1,0,0,0,0,1,0,0
695649,0,0,1,0,0,1,0,0,0,1,0,0
125317,1,0,0,0,0,0,0,0,0,0,0,0
675599465,1,0,0,0,0,1,0,0,0,0,0,0
303684187,0,1,1,0,0,0,0,0,0,0,0,0
23697721,1,1,1,1,1,1,0,0,0,0,0,0
367874,0,0,0,0,0,0,0,1,0,0,0,0
235062181,0,0,0,0,1,0,1,0,0,1,0,0
331138302,0,0,0,0,0,0,0,0,0,0,0,0
565217934,0,0,0,0,0,0,0,0,0,0,0,0
419490715,0,0,0,0,0,0,0,0,0,0,0,0
243651290,0,0,0,0,1,0,0,0,0,0,0,0
554421825,0,1,0,1,0,0,1,0,0,1,0,0
282965698,1,0,0,0,0,1,1,0,0,0,0,0
294048,0,0,0,0,0,0,0,1,0,0,0,0
267538,0,0,0,0,0,0,0,0,0,0,0,0
224193775,0,1,1,0,0,0,1,0,0,0,0,0
143808159,0,0,0,0,1,0,0,0,0,1,0,0
329719147,1,0,0,0,0,0,0,0,0,0,0,0
249256428,0,0,1,0,0,1,1,0,0,0,0,0
26687,0,0,0,0,0,0,0,0,0,0,0,0
9249477,0,0,0,1,0,0,0,0,0,0,0,0
354797,0,1,0,1,0,1,0,0,0,0,0,0
6136592,0,0,0,0,0,0,0,0,0,0,0,0
82032365,0,0,1,0,0,0,0,0,0,0,0,0
337678960,1,0,0,0,0,1,0,0,0,0,0,0
261970466,0,1,0,0,0,0,0,0,0,0,0,0
325961,1,0,1,1,0,0,0,0,0,0,0,0
290203,1,1,1,1,1,0,0,1,1,0,0,0
1679393959,1,1,1,1,0,0,0,0,1,0,0,0
590735322,0,0,0,1,0,0,0,1,0,0,0,0
254573983,1,0,0,0,0,0,0,0,0,0,0,0
25360,1,0,0,0,0,0,0,0,0,0,0,0
263802,1,0,0,0,0,0,0,0,0,0,0,0
83652421,0,0,0,0,0,0,0,0,1,0,0,0
4074557,0,1,0,1,0,0,0,0,0,0,0,1
129248037,1,1,0,0,0,1,1,0,0,1,0,0
1684602478,0,1,0,0,0,0,0,0,0,0,0,0
8088100,0,0,0,0,0,0,0,0,0,0,0,0
27240138,1,0,0,1,0,1,0,0,0,1,0,0
291629081,0,1,0,0,0,0,0,0,0,0,0,0
600261365,1,0,0,0,0,0,0,0,0,0,1,0
34924763,1,0,0,1,0,0,0,0,0,0,0,0
599096542,1,0,0,0,0,0,0,0,0,0,0,0
257084190,0,1,1,0,0,0,0,0,0,0,0,0
266015004,0,1,0,0,0,0,0,0,0,0,0,0
435208167,1,0,0,0,0,0,0,0,0,0,0,0
301283598,0,1,0,0,0,0,0,0,0,0,0,0
105291463,1,0,0,0,0,0,0,0,0,0,0,0
349515,0,1,1,1,0,0,0,1,0,0,0,1
113807139,0,0,0,0,1,0,0,0,0,1,0,0
565718,0,1,0,0,0,0,0,0,0,0,0,0
427650761,0,1,0,1,1,0,0,0,0,0,0,0
46479252,1,0,0,0,0,0,1,0,0,0,0,1
21766697,0,0,0,0,0,0,1,0,0,1,0,0
53036657,0,0,0,0,0,0,0,0,0,0,0,0
1671935602,1,0,0,1,0,1,0,0,0,1,0,0
20905685,1,0,0,0,0,0,0,0,0,0,0,0
31191,1,0,0,0,0,0,0,0,0,0,0,0
284600473,1,0,0,0,0,1,0,0,0,0,0,0
628408512,0,0,1,0,0,0,1,1,0,0,0,0
2131884,0,0,0,0,0,0,0,1,0,0,0,0
49955171,0,1,1,1,0,1,0,0,1,0,0,0
879078,1,1,0,1,0,0,0,0,0,0,0,0
732221,1,0,0,0,0,0,0,1,0,0,0,0
6562238,1,0,0,1,0,0,1,1,0,1,0,0
266166780,1,0,0,0,0,0,0,0,0,0,0,0
32677064,1,0,0,0,1,0,0,0,0,0,0,0
34160168,0,0,0,0,1,0,0,0,0,0,0,0
139673,1,1,1,1,1,0,0,0,0,1,0,0
361663,0,0,0,1,0,0,0,0,0,1,0,0
9913586,1,0,0,0,0,1,1,0,0,0,0,0
20951583,1,0,0,0,0,0,0,0,0,0,0,0
373200,1,0,0,0,0,0,1,0,0,0,0,0
26323,1,0,0,0,1,0,0,0,0,0,0,0
273639073,0,0,0,0,0,0,0,0,0,0,0,0
98346040,1,0,0,0,0,0,0,0,0,0,1,0
941520,0,0,0,1,0,0,1,0,0,0,0,0
268899196,0,0,1,0,0,0,1,0,0,0,0,0
520083,1,0,0,0,1,0,0,0,0,0,0,0
553592932,0,0,0,0,0,0,0,0,0,0,0,0
319074,0,1,1,0,1,0,1,1,1,1,0,1
561493203,0,0,1,0,0,0,0,0,0,0,1,0
128739842,1,0,0,0,0,0,0,0,0,0,0,0
322758292,0,0,0,0,0,0,1,0,0,0,0,0
23972721,0,0,0,0,0,0,0,0,0,0,0,0
1341470,1,1,1,1,1,0,0,0,0,1,0,0
35868,0,0,0,0,0,0,0,0,0,0,0,0
319639,1,0,0,0,0,0,0,1,0,0,1,0
1906420,1,0,0,0,0,1,0,0,0,0,0,0
30808,0,0,0,0,0,0,0,0,0,0,0,0
23782495,1,0,1,0,0,0,0,0,0,0,0,0
8083355,1,0,1,0,0,0,0,1,0,1,0,1
613097171,0,0,1,0,0,0,0,0,0,0,0,0
1065415,1,0,0,0,0,0,1,1,0,0,0,0
710468587,0,0,1,0,0,0,0,0,0,0,1,0
259880252,0,1,1,0,0,0,1,0,0,0,0,0
431288123,1,0,0,0,0,1,0,0,0,0,0,0
307500026,0,0,0,0,1,0,0,0,0,0,0,0
590661061,1,0,0,0,0,0,0,0,0,0,0,0
882300,0,1,0,1,0,0,0,0,0,0,0,0
288228332,1,0,0,0,1,0,0,0,0,0,0,0
326042490,0,0,0,0,0,1,0,0,0,0,0,0
590571226,0,0,0,0,0,0,1,0,0,0,0,0
413195889,1,0,0,0,0,0,0,0,0,0,0,0
30828389,0,0,0,0,0,0,1,0,0,0,0,0
21881019,0,1,1,0,0,1,1,0,0,0,0,0
1765584396,0,0,1,1,0,0,0,0,0,0,0,0
34145,1,0,0,0,0,0,0,0,0,0,0,0
357173,0,0,0,0,0,0,0,0,0,0,0,0
32158,1,0,0,0,1,1,0,0,0,0,0,0
143317976,1,0,0,0,1,0,0,0,1,0,0,0
613454849,0,0,1,0,0,0,0,0,0,0,1,0
683713,0,1,0,0,0,0,0,0,0,0,0,0
60928021,0,1,0,0,0,0,0,0,0,0,0,1
239648624,1,0,1,0,1,0,1,1,0,1,0,0
6774144,0,1,0,0,0,0,0,0,0,0,0,0
24366522,0,0,0,0,0,0,0,1,0,0,0,1
34934,1,0,0,0,0,1,0,0,0,0,0,0
305033222,0,1,1,1,1,0,0,1,0,0,0,1
688617627,0,0,0,1,0,1,1,0,0,0,0,0
387307,1,1,0,0,0,0,0,0,0,0,1,1
955619,0,0,0,0,0,0,0,0,0,0,0,0
9002466,1,1,0,1,1,1,0,0,0,1,0,0
226420,0,0,0,0,1,1,0,0,0,0,0,0
306654,1,0,1,0,0,0,0,0,0,0,0,0
1673457818,0,0,1,0,0,0,0,0,0,1,0,0
603195850,0,0,0,1,0,0,0,0,0,0,0,0
4481200,0,0,0,0,0,0,0,0,0,0,0,0
9206772,0,0,0,0,0,0,0,0,0,0,0,0
9048922,0,1,0,0,0,0,0,0,0,0,0,0
59220391,1,0,0,0,0,0,0,0,0,0,0,0
23826949,1,1,0,1,1,0,1,1,0,1,1,0
662294213,1,0,0,1,0,0,0,0,0,0,0,0
595539666,0,1,1,0,0,0,0,0,0,0,0,0
8279712,0,1,0,0,0,0,0,0,0,0,1,1
13529463,0,0,0,0,0,0,0,0,0,0,0,0
171706,0,0,0,0,0,0,1,0,0,1,0,0
47663822,0,1,0,0,0,0,0,0,0,0,0,1
547604303,0,0,0,0,0,0,0,0,0,0,0,0
997213,0,0,0,0,0,0,0,1,0,0,0,0
2206843,1,0,0,0,0,0,1,0,0,0,0,0
12732263,1,0,1,0,0,0,0,0,0,0,0,0
585213447,0,0,0,1,0,0,0,0,0,0,0,0
548482897,1,0,0,1,0,1,0,0,0,0,0,0
25337,0,0,0,0,0,1,1,0,0,0,0,0
665924,1,1,0,0,0,0,0,0,0,0,1,0
34537,0,0,0,0,0,0,0,0,0,0,0,0
21811775,0,0,1,0,0,0,0,0,0,0,0,0
5424460,1,0,0,0,1,0,0,0,0,0,0,0
24153,0,0,0,0,0,0,1,1,0,0,0,0
208736100,0,0,0,0,0,1,0,0,0,0,0,0
638836263,0,0,1,0,0,0,0,1,0,0,0,0
25217246,0,0,0,0,0,0,0,0,0,1,0,0
266264552,1,0,0,0,1,0,0,0,0,0,0,0
549019944,0,0,0,0,0,0,0,1,0,0,0,0
291566008,0,0,0,1,0,0,1,0,0,0,0,0
253779426,1,0,0,0,0,0,0,0,0,0,0,0
234501591,1,0,0,0,0,0,0,0,0,0,0,0
1679642292,1,0,0,0,0,0,0,0,0,0,0,0
1773603947,0,0,0,1,0,0,0,0,0,1,0,0
878899,1,1,0,0,0,0,1,1,0,0,0,1
36758,1,1,0,1,0,0,0,0,0,0,0,0
6724933,1,1,0,0,0,1,1,0,0,0,0,0
605110856,0,0,0,0,0,0,0,0,0,0,0,0
165846,1,0,0,0,0,0,0,0,0,0,0,0
31100507,1,0,0,0,0,1,0,0,0,0,0,0
7652781,1,0,0,0,0,0,0,0,0,0,0,0
25026,0,0,1,0,0,0,1,1,0,0,0,0
379523413,0,0,0,1,0,1,0,0,0,0,0,0
118046574,1,0,0,0,1,0,0,1,0,0,0,1
563995161,1,0,0,1,0,0,0,0,0,0,0,0
120199,0,0,0,1,1,1,0,0,0,0,0,0
309250670,1,1,1,1,1,0,0,0,0,0,0,0
34921,1,0,0,1,0,1,1,0,0,0,0,0
472125,0,0,1,0,0,0,0,0,0,0,0,0
317428,0,1,0,0,0,0,0,0,1,0,0,0
27304,0,1,0,1,0,0,0,0,0,0,0,0
32561507,1,0,0,1,0,1,0,0,0,1,0,0
378585331,1,0,0,0,0,0,0,0,0,0,0,0
1666001,0,0,0,0,0,0,0,0,0,0,0,0
131424,1,0,0,0,1,1,1,0,0,0,1,0
255357,0,0,0,0,0,0,0,0,0,0,0,0
280584191,1,1,1,0,0,0,0,0,0,0,0,0
322800256,1,0,0,0,0,0,0,0,0,0,0,0
3698924,1,0,0,1,1,0,0,0,0,0,0,0
650922583,0,0,0,0,0,0,0,0,1,0,0,0
36155,1,0,0,0,0,0,0,0,0,0,0,0
699713395,0,0,1,0,0,0,0,0,0,0,1,0
303713108,1,0,0,0,0,0,0,0,0,0,0,0
251758622,0,1,0,0,0,0,0,0,1,0,0,0
1758633149,1,1,0,0,0,0,0,1,0,0,0,0
2983625,1,0,0,1,0,0,0,0,0,0,0,0
880263,0,0,0,0,0,0,0,0,0,0,0,0
419290,1,1,1,1,0,0,0,0,0,0,0,1
351411,0,0,0,0,0,0,0,0,0,0,0,1
34541828,1,0,1,0,0,0,0,1,0,0,0,0
320858778,0,1,0,0,0,0,1,0,0,0,0,0
313219,0,0,0,0,0,0,0,0,0,0,0,0
8285670,0,1,0,0,0,0,0,0,0,0,0,0
31577,1,0,0,0,0,1,0,0,0,0,0,0
8444750,0,0,0,1,0,0,0,0,0,0,0,0
12764263,0,0,0,0,0,0,0,0,0,0,0,0
41018856,0,1,0,1,1,1,1,0,0,0,0,0
1342115,1,0,0,0,0,0,0,0,0,0,0,0
571897314,0,0,0,0,0,0,0,0,0,0,0,0
30599,1,0,0,0,0,1,0,0,0,0,0,0
100802824,0,0,0,1,0,0,0,1,0,0,0,0
259659904,0,1,0,0,0,0,0,0,0,0,0,0
279328,1,0,0,0,0,1,0,0,0,0,0,0
240641776,1,0,0,1,0,0,0,0,1,0,0,0
690261281,1,0,0,1,0,0,0,0,0,0,0,0
62078926,1,1,0,1,1,0,0,0,0,0,0,0
283775412,1,0,0,0,0,0,0,0,0,0,0,0
24362,0,0,1,0,1,0,0,0,0,1,0,0
24349948,0,0,0,0,0,0,0,0,0,0,0,0
876269,1,1,1,1,0,0,0,0,0,1,0,0
137478764,1,0,0,1,1,1,0,0,0,0,0,0
8175880,0,1,1,0,1,0,1,0,0,1,0,1
708527502,0,0,0,0,0,0,1,0,0,0,0,0
662675049,0,0,0,1,0,0,1,0,0,0,0,0
1347260,0,0,0,0,0,0,0,1,0,0,0,0
3182703,1,0,0,1,0,1,0,0,0,1,0,0
9830229,0,0,0,0,0,0,0,0,0,0,0,0
111765,0,0,0,1,1,0,0,0,0,0,0,0
6813000,0,0,0,0,1,0,0,0,0,0,0,0
527874,1,0,0,0,0,0,0,0,0,0,0,0
31822,1,1,0,0,0,0,0,0,0,0,0,0
687140,1,1,0,1,0,1,0,1,1,1,0,0
383101,0,0,0,0,0,0,0,0,0,0,0,0
2383747,0,1,0,0,0,0,0,0,0,0,0,0
1427461,1,0,0,0,1,0,0,0,0,0,0,0
345779,0,1,0,0,0,0,1,1,1,0,0,0
359461,0,0,1,0,0,0,0,0,0,1,0,0
27093,1,0,1,0,0,0,0,0,0,0,0,0
381843816,1,1,1,1,1,0,1,1,0,1,1,0
711504,0,0,0,0,0,0,0,0,0,0,0,0
43324915,0,0,0,0,0,0,0,0,0,0,0,0
849883,1,0,0,0,0,0,0,0,0,0,0,0
5856632,0,0,0,0,0,0,0,0,0,0,0,0
350381,0,0,0,0,1,0,0,0,0,0,0,0
708097952,0,1,1,0,1,0,0,0,0,0,0,0
8087519,1,1,0,0,0,0,0,0,0,0,0,1
100241428,1,1,0,1,0,0,0,0,0,0,0,0
36757,0,0,0,0,0,0,0,0,0,0,0,0
302325481,1,0,0,0,0,0,0,0,0,0,0,0
1843009393,0,0,1,1,0,0,0,0,1,0,0,0
1172058,1,0,0,0,0,0,0,0,0,0,0,0
322481,0,0,0,0,0,0,0,1,0,0,0,0
873679,0,0,0,1,0,0,1,0,0,1,1,0
6022073,0,1,0,0,1,0,0,0,0,0,0,1
24424557,1,0,0,0,0,1,1,0,0,0,0,0
292369,0,1,0,1,0,0,0,0,0,0,0,0
2480879,1,0,0,0,1,1,0,1,0,0,0,0
1680788968,0,0,0,0,1,0,1,0,0,0,0,0
20343535,0,0,0,0,0,0,0,0,0,0,0,0
319630255,0,0,0,0,0,0,0,0,0,0,0,0
545890808,1,0,0,0,0,0,0,0,0,0,1,0
3451109,0,0,0,0,1,0,0,1,0,0,0,0
135242,1,0,0,0,0,0,0,0,0,0,0,0
331329033,1,0,0,1,0,0,0,1,0,0,0,0
22562481,0,0,0,0,1,0,0,0,0,0,0,0
693912695,1,0,0,1,0,0,0,0,0,0,0,0
434566,1,0,1,1,1,0,0,0,0,0,0,0
338272,1,0,1,0,0,0,0,0,0,0,1,0
1815193886,0,0,0,1,0,0,0,0,0,0,0,0
106066,0,0,0,0,1,0,0,0,0,0,0,0
100410633,0,0,0,1,0,0,1,0,1,0,0,0
29978,0,0,0,0,1,0,0,0,0,1,0,0
92716,0,0,0,0,0,0,0,0,0,1,0,0
60978778,0,1,0,0,0,0,0,0,0,0,0,0
27236,0,0,0,0,1,0,1,0,0,0,0,1
257462,0,0,1,1,0,0,0,0,0,0,0,0
764293,1,0,0,1,0,0,0,0,0,0,1,1
545770807,1,0,0,1,1,1,1,0,0,0,0,0
3168463,0,1,1,0,0,0,0,0,0,0,0,0
679038073,0,1,0,0,0,0,0,0,0,0,0,0
34724429,0,1,1,0,1,0,0,1,1,0,0,0
865203,1,0,0,0,0,0,0,0,0,1,0,0
874641,1,0,1,1,0,1,1,0,0,0,1,0
1163873,0,0,0,1,1,0,0,0,0,0,0,0
99715906,0,1,0,0,0,0,0,0,0,0,0,0
1679217092,1,0,0,1,0,0,0,0,0,0,0,0
4494927,0,0,0,0,0,0,1,1,0,0,1,0
217502341,0,0,1,0,0,0,0,0,0,0,0,0
569025678,0,1,1,0,0,0,0,0,0,0,0,0
1796230042,1,1,1,1,0,0,0,0,0,0,0,0
245335894,0,1,0,0,0,0,0,0,0,0,0,0
424913244,1,0,0,0,0,0,0,0,0,0,0,0
312913517,0,0,0,0,0,0,0,0,0,0,0,0
672535556,0,0,0,1,0,0,1,0,0,0,0,0
117789244,0,0,0,0,0,0,0,0,0,0,0,0
574413177,1,0,0,0,1,0,1,1,0,1,0,0
44234400,1,0,0,0,0,1,0,0,0,0,0,0
546599292,0,0,0,0,0,0,0,0,0,0,0,0
1832961004,0,0,0,0,0,0,0,1,0,0,0,0
27115,1,0,0,1,1,0,0,0,0,0,0,0
325880,1,0,0,0,0,0,0,0,0,0,0,0
38768157,1,0,0,1,1,0,0,0,0,0,0,0
29016215,0,0,1,0,0,0,0,0,0,0,0,0
548541911,0,0,0,0,0,0,0,0,0,1,0,0
25522639,0,0,0,0,0,0,1,0,0,0,0,0
435353222,0,1,1,0,0,0,0,0,0,0,0,0
37289262,1,0,0,0,0,0,0,0,0,0,0,1
27313,1,0,0,1,1,0,0,0,0,0,0,0
36644983,0,0,0,0,0,0,0,0,0,0,1,0
5103575,0,1,0,0,0,0,0,0,0,0,0,0
578608671,0,0,0,0,0,0,0,0,0,0,0,0
6021724,1,1,0,1,0,0,0,0,0,0,0,1
7796938,1,0,0,1,0,0,0,0,0,0,0,0
254291,0,0,1,1,0,0,0,0,0,0,0,0
325980525,1,0,0,0,0,0,1,0,0,1,0,0
27542,0,0,0,0,0,0,0,0,0,0,0,0
568596329,0,0,0,1,0,0,0,0,0,0,1,0
8057072,0,0,0,1,0,1,0,0,0,0,0,0
365321,0,0,0,0,0,0,0,0,0,0,0,0
35847,1,0,1,1,0,0,0,0,0,0,0,0
417731313,0,0,0,0,0,0,0,0,0,0,0,0
118162960,1,0,0,0,0,1,0,0,0,0,0,0
1274252,0,1,1,0,0,0,0,0,0,0,0,0
291792580,0,1,0,0,0,0,0,0,0,0,0,0
33377800,0,0,0,1,1,0,1,0,0,0,0,0
28919,1,0,1,1,1,1,0,0,0,0,0,0
10495014,0,0,1,1,0,1,0,0,0,0,0,0
28240761,0,0,0,1,1,1,1,0,0,0,0,0
642067965,1,0,0,1,0,0,0,0,0,0,0,0
28338,1,0,0,0,0,0,0,0,0,0,0,0
589660751,1,1,0,1,1,0,0,0,0,0,0,0
41080995,1,0,1,0,0,0,1,0,1,0,0,0
382083491,1,0,0,1,0,1,0,0,0,0,0,0
7691787,0,1,0,0,0,0,0,0,0,0,0,0
26240,1,0,0,0,0,0,0,0,0,0,0,0
650365002,0,0,0,0,0,0,0,0,1,0,0,0
282053,0,0,0,0,0,1,0,0,0,0,0,0
59516531,1,0,0,0,0,0,0,0,0,0,0,0
250312,1,1,0,0,1,1,0,0,0,0,0,0
280837908,0,0,0,1,0,0,0,0,0,0,0,1
581475891,0,0,0,0,1,0,1,0,0,0,0,0
46539787,0,0,0,0,0,1,0,0,0,0,0,0
874392,0,1,1,0,0,0,1,1,0,0,0,1
339103,0,0,0,0,0,0,1,0,0,0,0,1
171029664,0,1,0,0,0,1,0,0,0,0,0,0
742363,1,0,1,1,0,0,0,0,0,0,0,0
317169670,0,1,0,0,0,0,0,0,0,0,0,0
29984,0,0,0,0,0,0,0,0,1,0,0,0
604186415,1,0,0,0,0,1,0,0,0,0,0,0
8539521,0,1,0,0,0,0,0,0,0,0,0,0
59223727,0,0,0,0,0,0,0,0,0,0,0,0
558022022,1,0,0,1,0,1,0,0,0,0,0,0
114779940,0,0,0,0,0,0,1,0,0,0,0,0
658667,0,0,0,0,0,0,0,1,0,0,0,0
11921517,0,1,0,1,0,0,0,0,0,0,0,0
5397544,0,0,0,0,0,0,0,0,0,0,0,0
24655991,1,1,1,1,0,0,1,1,0,1,0,0
382256,0,0,0,0,0,0,0,0,0,0,0,0
216025020,0,0,1,0,0,0,0,0,0,0,0,0
325435188,1,0,0,0,0,1,0,0,0,0,0,0
318951917,0,0,1,0,1,0,0,0,0,0,0,0
2143874,1,1,1,1,1,0,1,0,0,1,0,0
1267838,1,1,0,0,1,0,0,0,0,0,0,0
21609,0,0,0,0,0,0,0,0,0,0,0,0
369725,0,0,1,0,1,0,0,0,0,0,0,0
29726,1,1,0,1,0,0,0,0,0,0,0,0
254045988,1,0,1,0,0,0,0,0,0,0,0,0
430225247,1,0,0,0,0,0,0,0,0,0,0,0
37378731,1,0,0,0,0,0,0,0,0,0,0,0
430412346,1,0,0,1,1,0,0,0,0,0,0,0
106585545,0,0,1,0,0,0,1,0,0,0,1,0
12647277,0,0,0,0,0,0,0,0,0,0,0,0
883181,0,0,0,0,0,0,0,0,0,0,0,0
9221339,1,1,0,0,0,1,0,0,0,0,0,0
272879653,0,0,1,0,0,0,0,0,1,1,0,0
9104372,0,0,0,0,0,0,0,0,0,0,0,0
401773,1,0,0,0,0,0,0,0,0,0,0,0
100846258,1,0,0,0,0,1,0,0,0,0,0,0
881249,1,0,0,0,0,1,0,0,0,0,0,0
49223295,1,0,0,0,1,0,0,0,0,0,0,0
134106723,1,0,0,0,0,0,0,0,0,0,0,0
11113368,1,0,0,0,0,0,0,0,0,0,0,0
23645229,0,0,0,0,0,0,0,0,0,0,0,0
874540,1,1,0,1,0,0,1,0,0,0,0,0
248196818,1,0,0,1,0,1,0,0,0,0,0,0
538838857,1,0,0,0,0,0,1,0,0,0,0,0
363767,0,0,0,0,0,0,0,0,0,0,0,0
261133065,0,1,0,0,0,0,0,0,0,0,0,0
256887902,0,1,0,0,0,0,0,0,0,0,0,0
26536980,0,0,1,0,0,0,0,0,0,0,1,0
51739240,1,1,1,0,1,0,1,0,1,0,1,0
62392875,1,0,0,1,1,0,0,0,1,0,1,0
536633415,0,0,0,0,0,0,0,0,0,0,0,0
323748321,0,0,0,0,0,0,1,1,1,0,1,0
261234197,1,0,0,1,0,0,1,0,0,0,0,0
30820,1,1,1,1,1,1,1,0,0,0,0,0
139677,1,1,1,1,1,0,0,0,0,0,0,1
685500,1,1,0,0,0,0,1,0,0,0,0,0
602462727,0,1,0,0,0,0,0,0,0,0,0,0
324020,1,0,0,0,0,0,0,0,0,0,0,0
881323,1,0,0,0,0,0,0,0,1,0,0,0
315700,1,0,0,1,1,0,0,0,0,0,0,0
142651139,0,0,0,0,0,0,0,0,1,0,0,0
127882,1,0,0,0,1,0,0,0,0,0,0,0
567313358,0,1,0,0,1,0,0,0,0,0,0,0
34141,1,0,0,0,0,0,0,0,1,0,0,0
595431359,0,0,0,0,0,0,0,0,1,0,0,0
665704,1,0,0,1,0,1,0,0,0,0,0,0
13580387,1,1,0,0,0,0,0,0,0,0,0,1
573597576,0,0,1,0,0,0,0,0,0,0,0,0
11686323,1,0,0,0,0,0,0,0,0,0,0,0
698766339,0,0,0,1,0,0,0,1,1,0,0,0
30867,1,0,0,0,0,0,0,0,0,0,0,0
685404834,0,1,1,0,0,0,0,0,0,0,0,0
367712111,0,1,0,0,0,0,0,0,0,0,0,0
192427,1,0,1,1,0,0,0,0,0,0,1,0
686153,0,0,1,0,1,0,0,0,0,0,0,0
6701589,1,0,0,1,0,0,0,0,0,0,0,0
877797,1,0,0,1,1,1,0,0,0,0,0,0
1623526,1,0,0,0,0,0,0,0,0,0,0,0
23340079,0,1,0,0,0,0,0,0,0,0,1,1
31022657,0,0,0,0,0,0,1,0,0,0,0,0
27159,1,0,0,0,0,0,0,0,0,0,0,0
685515,1,1,1,1,0,1,0,1,0,0,0,0
431699301,0,0,0,0,0,0,0,0,0,0,0,0
4481298,0,0,0,0,0,0,0,1,0,0,0,0
567907651,0,0,0,0,0,0,0,0,0,0,0,0
33715,1,0,1,1,1,1,0,1,1,0,0,0
119056665,1,0,0,0,0,0,1,0,0,0,0,0
537247297,1,0,0,0,0,1,0,0,0,0,1,0
10347835,0,0,0,0,0,0,0,0,1,0,0,0
310815442,0,1,0,0,0,0,0,0,0,0,0,1
268941400,1,0,0,1,1,0,1,0,0,1,0,0
426137,1,0,0,1,0,0,0,0,0,0,0,0
29930,0,0,0,0,1,0,0,0,0,0,0,0
602032140,0,0,0,1,0,0,0,0,0,0,0,1
233918548,1,1,0,0,0,0,1,0,1,1,0,0
345057935,1,0,1,1,0,0,1,0,0,0,0,0
241624822,1,0,0,1,0,0,0,0,0,0,0,0
24349026,0,0,0,0,0,0,0,0,0,0,0,0
636010818,1,0,0,0,0,1,0,0,0,0,0,0
235063288,0,1,0,0,0,0,0,0,1,0,0,0
9683234,1,0,0,0,0,0,0,0,0,0,0,0
423219,0,0,0,1,0,0,0,0,0,1,0,0
264193,1,1,0,0,0,0,0,0,0,0,0,0
256557334,0,1,1,0,0,0,0,0,0,0,0,0
54339075,1,0,0,0,0,1,0,0,0,0,0,0
666815486,0,1,0,0,0,0,0,0,0,0,0,0
6966894,0,1,1,0,0,0,0,0,0,0,1,0
581086763,0,0,0,0,0,0,0,0,0,0,0,0
183083930,1,0,0,0,0,1,0,0,0,0,0,0
384027698,1,0,0,0,0,0,0,0,0,0,0,0
677282690,0,0,0,0,1,0,0,0,0,0,0,0
883662,0,0,1,1,0,0,0,1,0,0,0,0
27508,0,0,0,0,0,0,0,0,0,0,0,1
25341,0,0,0,0,1,0,0,0,0,0,0,0
3280635,1,1,0,0,1,0,0,0,0,0,0,0
421210960,0,0,0,0,0,0,0,0,0,0,0,0
112008811,0,1,0,1,1,1,0,0,0,0,0,0
27058,1,0,0,1,1,0,0,0,0,0,0,0
25622,1,1,0,0,0,0,0,0,1,0,0,0
575585027,1,0,0,1,0,1,1,1,0,0,0,0
11611587,1,0,0,0,1,0,0,0,0,0,0,0
266208867,0,1,1,1,0,0,0,0,0,0,0,0
695310535,1,0,1,0,0,0,0,0,0,0,0,0
127012,0,0,1,1,1,0,0,0,0,0,0,0
248858755,1,1,1,1,1,0,1,0,0,0,1,0
285691,0,0,0,0,1,0,0,1,0,0,0,1
119655,1,0,1,0,0,0,1,0,0,0,0,0
1541596,0,0,0,0,0,0,0,0,0,0,0,1
1144688,0,1,0,1,0,0,1,0,0,0,0,0
419388,0,1,0,0,0,0,0,0,0,0,0,0
167918,1,0,0,0,0,0,0,0,1,0,0,0
36229,0,0,0,0,1,0,0,1,0,0,0,0
257279593,0,0,0,0,0,0,0,0,0,0,0,0
128240703,1,0,0,0,0,1,0,0,0,0,0,0
22595061,1,1,1,1,0,0,1,1,0,1,1,0
530336663,1,1,0,1,0,1,0,0,0,0,0,0
60504284,1,0,0,0,0,0,0,0,0,0,0,0
28877,1,1,1,1,1,0,0,0,1,0,0,0
20356678,0,1,1,1,0,0,0,0,0,0,0,1
97799,1,0,0,1,1,0,0,0,0,0,0,0
240458301,0,0,0,0,0,0,0,0,0,0,0,0
2581204,0,0,1,0,1,0,0,0,0,0,0,1
321823804,1,0,0,0,0,0,0,0,0,0,0,0
1828746377,0,1,0,0,0,0,0,0,0,0,0,1
124001,1,0,0,0,0,0,0,0,0,0,0,1
638929728,1,0,0,0,0,0,0,0,0,0,0,0
266230063,0,1,0,1,0,0,0,0,0,0,0,0
28163,0,0,0,0,0,0,0,0,0,0,0,0
669391457,0,1,1,0,0,0,0,1,0,0,1,1
126911636,0,1,1,0,0,0,0,1,0,1,0,0
285467,1,1,1,1,0,0,1,1,0,0,1,1
414654964,0,0,0,0,0,0,0,0,0,0,0,1
84011067,0,0,0,1,0,0,0,0,0,0,0,1
61177529,0,0,0,0,0,0,0,0,0,0,0,1
23928564,0,0,0,0,0,0,0,0,0,1,1,0
241907563,0,1,0,0,0,0,0,0,0,0,0,0
707594028,0,1,0,0,0,0,0,0,0,0,0,0
28876,0,0,0,0,0,0,0,0,0,0,0,0
128307114,0,0,0,0,0,0,0,0,0,0,0,0
263530964,1,0,0,0,0,0,0,0,0,0,0,0
7845787,1,0,0,0,0,1,0,0,0,0,0,0
1843135,0,0,0,0,0,0,0,0,0,1,1,1
47549518,1,0,0,0,0,0,0,0,0,0,0,0
107567,0,1,0,0,0,0,0,0,0,0,0,0
313525797,0,0,0,0,0,0,0,0,0,0,0,0
535251861,0,1,1,1,0,0,1,1,0,1,0,0
9622521,0,0,0,0,0,0,0,0,0,0,0,0
117852744,0,1,1,0,0,0,0,0,0,0,0,0
115478,0,0,0,0,0,0,0,0,0,0,0,0
539024074,0,0,0,0,0,1,0,0,0,0,0,0
3206363,1,0,0,0,0,0,0,0,0,0,0,0
1001491,1,0,0,1,0,0,1,0,0,0,0,0
560735713,1,0,0,1,0,0,0,0,0,0,0,0
876950,1,1,1,1,0,1,0,0,0,0,0,0
874491,0,1,0,1,0,0,0,0,0,0,0,0
28921,0,0,0,0,0,1,0,0,0,0,0,0
549849556,1,0,0,0,1,0,0,0,0,0,0,0
22287761,0,0,0,1,0,0,0,0,0,0,0,0
281487796,1,0,0,1,0,0,0,0,0,0,0,0
215515336,0,1,0,0,0,0,0,0,0,0,0,0
1842922977,1,1,1,1,1,1,0,0,1,1,0,1
1345235,1,0,0,0,0,1,0,0,0,0,0,0
81690022,0,1,1,1,0,0,1,0,0,0,0,0
308350677,1,0,0,0,0,0,0,0,0,0,0,0
4493541,1,1,1,0,0,1,1,0,0,1,1,0
11506913,0,1,0,0,0,0,0,0,0,0,0,0
30300,0,1,1,1,1,0,0,0,0,0,0,0
115881768,1,0,0,0,0,0,0,0,0,0,0,0
26618,0,1,0,0,0,0,0,0,0,0,0,0
638436714,0,0,0,1,0,0,0,1,0,0,0,0
129802746,1,0,0,0,0,1,0,0,0,0,0,0
383165,1,0,1,1,0,0,0,1,0,1,0,0
597313585,1,1,1,1,0,1,0,0,0,0,0,0
298754,0,0,1,0,0,0,0,0,0,0,0,0
265459,0,0,0,0,0,0,0,0,0,0,0,0
877463,0,0,0,0,0,0,0,0,0,0,0,0
365333564,1,0,0,1,0,0,0,0,0,0,0,0
34816993,1,0,0,0,0,0,0,0,0,0,0,0
11211797,0,0,0,0,0,0,0,0,0,0,0,0
541399578,1,0,0,0,0,0,0,0,0,0,0,0
100256926,1,0,0,1,0,0,0,0,0,0,0,0
704589075,1,1,0,0,0,0,0,0,0,0,0,0
34233,1,0,0,0,0,0,0,1,0,0,0,0
669640055,1,0,0,0,1,0,0,0,0,0,0,0
1072270,0,0,0,1,1,1,0,0,0,0,0,0
274894404,1,0,0,0,0,1,0,0,0,0,0,0
40258315,0,0,1,0,0,0,0,0,0,0,0,0
650383665,0,0,0,0,1,0,0,1,1,0,0,0
2214205,1,0,0,0,0,0,0,0,0,0,0,0
106485352,1,0,0,1,0,0,0,0,0,0,0,0
301083114,0,0,0,0,0,0,0,0,0,0,0,0
583057578,1,0,0,0,1,0,1,0,0,0,0,0
432438570,0,1,0,1,0,0,1,0,0,1,0,0
5449412,0,0,0,0,0,0,0,0,0,0,0,0
424111353,1,0,0,0,0,0,0,0,0,0,0,0
84155935,1,0,0,1,1,0,0,1,1,0,0,0
114980744,0,0,1,0,0,0,0,0,0,0,0,0
297390520,1,0,0,0,0,0,0,0,0,0,0,0
332954,1,0,0,1,0,1,0,0,0,0,0,0
3126203,0,0,0,0,0,0,0,0,0,0,0,0
35111,1,1,1,1,1,0,1,1,0,0,0,1
572350487,0,0,0,0,0,0,0,0,0,0,0,0
363049,0,1,0,1,0,1,0,0,0,0,0,1
28949,1,1,0,0,1,0,0,0,0,1,0,0
1759110787,1,0,1,1,1,0,0,0,0,0,0,0
36595608,0,0,0,0,0,0,0,0,0,0,0,0
690777279,0,1,0,0,0,0,0,0,0,0,0,0
29481881,0,1,0,1,0,0,0,0,0,0,0,0
141109936,1,0,1,1,0,0,0,0,1,0,0,0
35961030,0,0,0,0,0,0,0,1,0,0,0,0
370941,0,0,0,0,1,0,0,0,0,0,0,0
607715156,0,0,0,0,0,0,0,0,0,0,0,1
253038643,0,0,0,0,0,0,0,0,0,0,0,0
879722,1,1,1,1,1,0,0,0,0,0,0,1
291783457,1,0,0,0,0,0,0,0,0,0,0,0
24754,0,0,0,0,0,0,0,0,0,0,0,0
27779,0,0,0,1,0,0,0,0,0,0,0,0
587164467,0,0,0,0,0,0,0,0,0,0,0,0
20786046,1,0,0,0,1,0,0,0,0,0,0,0
321460821,1,0,0,1,0,1,0,0,0,0,0,0
427941055,0,0,0,0,0,0,0,0,0,0,0,0
38652417,0,0,1,0,0,0,0,0,0,0,1,0
34916,1,0,0,0,0,1,0,0,0,0,0,0
265360,1,0,0,0,0,0,0,0,0,0,0,1
180567741,1,0,0,0,0,1,0,0,0,0,0,0
876399,1,0,0,0,0,0,0,0,0,0,0,0
129852091,0,0,0,0,0,0,0,1,0,1,0,0
108717,0,0,0,0,0,0,0,0,0,0,0,0
280597237,0,1,0,0,0,0,0,0,0,0,0,0
21766682,1,0,0,0,0,0,0,0,0,0,1,0
552805228,1,0,0,0,0,1,0,0,0,0,0,0
225807943,0,0,0,0,0,0,0,1,0,0,0,0
113495056,1,0,0,0,0,0,0,0,0,0,0,0
247856902,0,1,0,0,0,0,1,0,0,0,0,0
7687618,0,0,0,0,1,0,0,0,0,1,0,0
39791682,1,0,0,1,0,0,0,0,0,0,0,0
7652741,0,0,0,0,0,0,0,0,0,0,0,0
269468557,0,0,0,0,0,0,0,0,0,0,0,0
31211,1,0,1,0,0,1,1,1,0,0,0,0
345286,0,0,0,0,1,0,1,0,0,0,0,0
225412256,1,0,0,0,0,0,1,0,0,0,0,1
282774456,1,0,0,0,0,1,0,0,0,0,0,0
24164591,1,0,0,0,0,1,0,0,0,0,0,0
1208927,1,0,0,0,0,0,0,0,0,0,0,0
568186910,1,0,0,0,0,0,0,0,0,0,0,0
260494,1,0,0,0,1,0,0,0,0,1,0,0
410936952,0,0,0,0,0,0,0,0,0,0,0,0
36626000,0,0,0,0,0,0,0,0,0,0,0,0
24352,0,0,0,0,0,0,0,0,1,0,0,0
1797302335,1,0,0,1,0,0,0,0,0,0,0,0
83345566,1,0,0,0,1,0,0,0,0,0,0,0
137717,0,0,1,0,0,0,0,1,0,0,0,1
23777499,1,0,0,0,0,0,0,0,0,0,0,0
103375,1,0,1,0,0,1,0,1,1,0,0,0
409236524,0,1,0,0,0,0,0,0,0,0,0,0
789654,0,0,0,0,0,0,0,0,0,0,0,0
218786,0,1,1,0,1,0,0,0,0,0,0,1
634057733,0,0,0,0,0,0,0,0,0,0,1,0
4483981,0,0,0,0,0,0,0,0,0,0,0,0
128680956,1,0,1,1,1,0,0,0,0,0,0,0
35012,0,1,0,0,0,0,0,0,0,0,0,0
527975,0,0,0,0,0,0,1,1,0,0,0,0
300245,0,0,0,1,0,0,0,0,0,0,0,0
556079828,1,0,1,1,0,1,0,0,0,0,0,0
875519,0,0,1,0,0,1,0,0,0,0,1,0
1686971177,0,0,0,0,0,0,1,1,0,1,0,0
693833877,1,0,0,0,0,1,0,0,0,0,0,0
115373285,1,0,0,0,0,1,0,0,0,0,0,0
7195658,0,1,0,1,1,1,0,0,0,0,0,0
5684719,0,1,0,1,0,1,0,0,1,0,0,0
29002,1,0,0,1,1,0,0,0,0,0,0,0
11212016,0,0,0,0,0,0,0,0,0,0,0,0
269400433,0,0,0,0,0,0,0,0,0,0,0,0
694612445,1,0,0,0,1,0,0,0,0,0,0,0
301925264,1,0,0,0,0,1,1,0,0,0,0,0
23553064,0,1,0,0,0,0,0,0,0,0,0,1
550922132,0,0,0,0,0,0,0,0,0,0,0,0
598380790,0,0,0,0,0,0,0,0,0,0,1,0
3110465,1,1,0,1,0,1,0,0,0,0,0,0
559189115,0,1,1,0,0,0,1,0,1,0,0,0
685347,1,1,0,1,0,1,0,0,1,0,0,0
379517822,0,0,0,0,0,0,0,0,0,0,0,0
198975,1,0,0,0,1,1,0,0,0,0,0,0
24366,1,0,0,0,0,0,0,0,0,0,0,1
339257,0,0,0,0,0,0,1,1,0,1,0,0
874163,0,0,0,0,0,0,0,0,0,0,0,0
36318,0,1,0,1,1,0,0,0,0,0,0,0
882669,0,0,0,1,0,0,0,0,0,0,1,0
137651185,1,1,0,0,1,0,0,0,0,0,0,1
46008307,0,0,0,0,0,0,0,0,0,1,0,0
1340759,1,0,0,0,0,0,0,0,0,0,0,0
111581468,1,1,1,1,0,0,0,0,0,0,0,0
21008703,0,0,0,0,0,0,0,0,0,0,0,0
27142,1,0,0,1,0,0,0,0,0,1,0,0
10969688,0,0,0,0,1,0,1,1,1,0,0,1
30184,1,0,0,0,0,0,0,0,0,0,1,0
364553,0,0,0,0,0,0,0,0,0,0,0,0
27315,0,0,1,0,0,0,0,0,0,0,0,0
92699,1,0,0,0,0,0,0,0,0,0,0,0
640272057,0,0,1,0,0,0,1,0,0,0,0,0
7931206,1,1,0,1,1,1,0,0,0,0,0,0
12168804,0,0,1,0,0,0,1,0,0,1,0,0
318913818,1,0,0,1,0,0,0,0,0,0,0,0
558211765,0,0,1,1,0,0,0,1,0,0,0,0
546792242,1,0,0,0,0,1,0,0,0,0,0,0
264319,0,0,0,0,0,0,0,0,0,0,0,0
30806,0,0,0,0,0,0,0,0,0,0,0,0
33000,1,0,1,0,0,0,0,0,0,0,0,0
144940473,1,0,0,1,0,0,0,0,0,0,0,0
279883519,0,1,0,1,0,0,0,0,0,0,0,0
534062888,0,0,0,0,0,0,0,1,1,1,0,0
25611,1,0,0,0,0,0,0,0,0,0,0,0
31811,0,0,0,0,0,0,0,0,0,0,0,0
248256,0,0,0,0,0,0,0,0,1,1,0,1
133142,1,0,0,0,1,0,0,0,0,0,0,0
251909072,1,1,0,0,0,0,0,0,0,0,1,0
21993612,0,0,0,0,0,0,0,0,1,0,0,0
104485764,0,0,0,1,0,0,0,1,0,0,0,0
1842937091,1,0,1,0,0,0,1,0,0,0,0,0
3188588,0,0,0,0,0,0,0,0,0,0,0,0
117152678,1,0,1,1,0,1,0,0,0,0,0,0
78474527,1,0,0,1,0,0,0,0,0,0,0,0
275713890,0,0,0,0,0,1,0,0,0,0,0,0
796172,0,1,0,1,0,0,1,0,0,0,0,0
402827501,0,0,0,0,0,1,0,0,0,0,0,0
24165,1,0,1,1,0,0,0,0,0,0,0,0
33303243,0,0,0,0,0,0,0,1,1,0,0,1
99454,1,0,0,1,1,0,0,0,1,1,0,0
626518430,1,0,0,0,0,1,0,0,0,0,0,0
9262264,1,1,0,0,0,0,1,0,0,1,0,0
873690,0,0,0,0,0,1,1,0,1,0,0,1
9994690,1,1,1,1,0,1,1,0,0,0,0,1
991815,0,0,0,1,0,0,0,0,0,1,0,0
114935891,1,0,0,1,0,0,0,0,0,0,1,0
302863260,1,0,0,1,0,1,0,0,0,0,0,0
370769,0,0,0,1,1,0,0,0,0,0,0,0
1877181867,1,0,0,1,0,0,0,0,0,0,0,0
652690313,1,0,0,0,0,0,0,0,0,0,0,0
31320,1,0,0,0,0,0,0,0,0,0,0,0
282015801,0,0,0,1,0,0,0,1,0,0,0,0
34882,1,0,0,0,0,0,0,0,0,0,0,0
336774,1,0,1,1,1,0,0,0,0,0,0,0
49900317,0,0,0,0,0,0,0,0,0,0,0,0
610391524,1,1,0,0,0,0,0,0,0,0,0,0
26146436,1,0,0,1,0,0,0,0,0,0,0,0
4182629,1,0,0,1,0,0,0,0,0,0,0,0
620569787,1,0,0,0,1,0,0,0,0,0,0,0
24625165,0,1,0,0,0,0,0,0,0,0,0,0
9425271,0,1,0,0,0,0,0,0,0,0,0,0
416856,0,0,0,0,0,0,0,0,0,0,0,0
260398,1,0,0,0,1,0,0,0,0,0,0,0
65059726,0,1,0,1,0,0,0,0,0,0,0,0
249341857,0,0,0,0,0,1,0,0,1,0,0,0
9616109,0,0,0,0,0,0,0,1,0,0,0,0
538076136,1,0,0,0,0,1,0,0,0,0,0,0
28606250,0,0,0,0,1,0,0,1,0,0,0,0
875364,1,1,1,0,1,0,0,0,0,0,0,1
11518512,0,0,0,0,0,0,0,0,0,0,0,0
58915635,0,0,1,0,0,0,1,0,0,0,1,0
33710144,0,0,0,0,0,0,1,1,0,0,0,0
4550716,0,0,0,0,1,0,0,0,0,0,0,0
24871,0,0,0,1,0,0,0,0,0,0,0,0
11382019,0,0,0,0,1,0,0,0,0,0,0,0
645124266,1,0,0,0,0,0,1,0,0,0,0,0
1197628,1,0,0,0,1,0,0,0,0,1,0,0
660797233,1,0,1,0,0,1,1,1,0,0,0,0
24889,1,0,0,1,1,1,0,0,0,0,0,0
412674,0,1,0,1,0,1,0,0,0,0,0,0
650816865,0,0,0,1,0,0,1,0,0,0,0,0
82271676,0,0,0,0,0,0,0,0,0,0,0,0
417883814,1,0,0,1,0,0,0,0,0,0,0,0
32856,0,0,0,0,1,0,0,0,0,0,0,0
136932688,0,0,0,0,0,0,0,0,0,0,0,0
32938,0,1,0,1,1,0,0,1,0,0,1,1
25596,0,1,0,1,0,1,0,0,0,0,0,0
28826185,0,1,0,0,0,0,0,0,0,0,0,0
12736007,0,0,0,0,0,0,0,0,0,0,0,0
39280611,0,1,1,0,1,0,0,0,0,0,0,1
23568713,1,0,0,1,0,0,0,0,0,0,0,0
9637643,0,0,0,0,0,0,0,0,1,0,0,0
23928419,0,0,0,0,0,0,0,1,0,0,0,0
9896965,0,0,0,0,0,0,0,0,0,0,0,0
432220968,0,0,0,0,0,0,0,0,0,0,0,0
9885878,0,1,0,0,0,0,0,0,0,0,0,1
882989,0,1,1,0,0,0,0,0,0,1,0,0
558837,1,0,0,0,0,0,0,0,0,0,1,0
625814286,0,1,1,0,0,0,0,0,0,0,0,0
31665,0,0,0,0,0,0,0,0,0,0,0,0
345930,0,0,0,0,0,0,0,0,0,0,0,1
881966,1,0,0,1,0,0,0,0,1,0,0,0
550914758,0,0,0,0,0,0,0,0,0,0,0,0
362584,0,1,0,0,0,0,0,0,0,0,0,0
373775974,1,0,0,0,0,0,0,0,0,0,0,0
704549,0,0,0,0,0,0,0,0,0,0,0,0
36125,0,0,1,0,0,0,0,0,0,0,0,0
625922050,1,0,0,1,0,0,0,0,0,0,0,0
594626683,0,0,0,1,0,0,0,0,0,0,0,0
303874231,0,0,0,0,1,0,0,0,1,0,0,0
881615,0,0,0,0,0,0,0,0,0,0,0,0
115221091,0,0,0,0,0,1,0,0,0,0,0,0
117789966,0,0,0,0,0,0,0,0,0,0,0,0
565153484,0,0,0,0,0,0,0,0,0,0,0,0
59322382,0,0,0,0,0,0,0,0,0,0,0,0
875515,0,1,1,1,1,0,1,1,0,0,0,0
22365961,1,0,0,1,1,0,0,0,0,0,0,0
700238507,0,1,0,1,0,0,0,0,0,0,0,0
744102,1,1,0,1,1,0,0,0,0,0,0,0
674698236,1,0,0,0,0,0,0,0,0,0,0,0
880807,0,0,0,0,0,0,1,0,0,0,0,0
24572,0,1,0,0,0,0,0,0,0,0,0,0
27531,0,0,0,0,0,0,0,0,0,0,0,0
272617648,0,0,0,0,0,0,0,0,0,0,0,0
224401923,1,0,0,0,0,0,1,1,0,0,0,0
284700,0,0,0,0,0,0,0,0,0,0,0,0
171577594,1,0,0,0,0,1,0,0,0,0,0,0
9844307,0,0,1,0,1,0,1,1,0,1,1,0
25078,1,0,0,0,0,0,0,0,0,0,0,0
281750717,0,0,0,0,0,0,0,0,0,0,0,0
543562763,0,0,0,0,0,0,0,0,1,0,0,0
141112421,1,0,0,0,0,0,0,0,0,0,0,0
701881783,0,0,0,0,1,0,0,0,0,0,0,0
51119246,0,0,0,1,1,0,0,0,0,0,0,0
880880,0,0,0,0,0,1,0,0,0,0,1,0
4481845,0,0,1,0,0,0,0,0,1,1,0,0
301156,0,0,0,0,0,0,0,0,0,0,0,0
877135,0,1,0,0,1,0,0,1,0,0,0,1
326556338,1,0,0,1,0,0,0,0,0,0,0,0
115205344,1,0,0,0,0,0,0,0,0,0,0,0
265511894,0,0,0,0,0,0,0,0,0,0,0,0
13539385,0,1,1,0,0,0,0,0,0,1,1,1
60427403,1,0,0,0,1,1,0,0,0,0,0,0
8221694,1,0,0,0,0,0,1,0,0,0,0,0
6371228,0,1,0,0,0,0,0,0,0,0,0,1
409784135,1,0,0,0,0,0,0,0,0,0,0,0
247371,0,0,0,0,0,0,0,0,0,0,0,0
422832,0,1,0,0,0,0,0,0,0,0,0,0
419881198,0,0,0,1,1,0,0,0,0,0,0,0
544531597,1,0,0,1,0,0,0,0,0,0,0,0
346012,1,1,1,1,0,1,0,0,0,0,0,0
261401243,1,1,0,0,1,0,1,0,0,0,0,0
293711,1,0,0,0,0,0,0,0,0,0,0,0
643357876,1,0,0,1,0,1,0,0,0,0,0,0
630763379,0,1,1,0,1,0,0,0,0,0,0,1
557510592,1,0,0,0,0,0,1,0,0,0,1,0
850025,0,0,0,0,0,0,0,0,1,0,0,0
1725474,1,0,0,0,0,1,0,0,0,0,0,0
694713103,1,0,0,0,0,0,0,0,0,0,0,1
36536184,0,0,0,0,0,1,1,0,0,0,0,0
292049126,0,0,0,0,0,0,0,0,0,0,0,0
286675384,1,0,0,1,0,1,0,0,0,0,0,0
1831658436,0,0,0,1,0,0,0,0,0,0,0,1
236291486,1,0,0,0,0,1,0,0,0,0,0,0
216818432,1,0,1,1,1,0,0,0,0,0,0,0
656424964,1,0,0,0,0,0,0,0,0,0,0,0
247375245,0,0,1,0,0,0,0,0,0,0,1,0
1570613,1,0,0,1,0,0,0,0,0,0,0,0
9004482,0,0,1,0,0,1,0,0,0,0,0,0
333197769,0,0,0,1,0,0,0,0,0,1,1,0
168416,0,0,0,0,0,0,1,0,0,0,0,1
36303,1,0,0,0,1,1,0,1,0,0,0,0
240702165,1,0,0,0,0,0,0,0,0,0,1,0
2381717,0,1,1,0,1,0,1,0,0,1,0,0
1467040,1,0,0,0,0,0,0,0,0,0,1,0
669405676,0,0,0,1,0,0,0,1,0,0,1,0
273682705,1,1,0,1,0,0,0,0,1,0,0,0
135295,1,0,0,1,0,1,1,0,0,0,0,0
658616,0,0,0,0,0,0,1,0,0,0,0,0
879717,0,0,0,0,0,0,0,0,0,0,0,0
288966,1,0,0,0,0,0,0,0,0,0,0,0
2706719,0,1,1,1,0,0,0,0,0,0,0,0
382500,1,0,0,1,0,0,0,0,0,0,1,0
275741064,0,0,1,0,0,0,0,1,0,1,0,0
427906624,0,0,1,1,0,1,0,0,0,0,0,0
60049751,0,0,0,0,0,0,0,0,0,0,0,0
31816,0,0,1,0,0,0,0,0,0,0,0,0
713684532,0,0,0,1,0,0,0,1,0,0,0,0
8201659,0,0,1,1,0,0,0,1,0,0,0,1
30781,0,1,1,0,0,0,1,0,0,0,0,0
326621488,1,0,0,1,0,1,0,0,0,0,0,0
34677,0,0,0,0,0,0,0,0,0,1,0,0
7668662,0,0,0,0,0,0,0,0,0,0,0,1
28895292,0,0,0,0,1,0,0,0,0,0,0,0
25253,0,0,0,0,0,0,0,0,0,0,0,0
419298,0,1,0,0,0,0,1,0,0,0,1,0
694917951,0,1,0,1,0,0,0,0,0,0,0,1
2031306,1,0,0,0,0,1,1,0,0,0,0,0
99463,1,1,1,0,0,0,0,0,0,0,0,1
2855282,1,0,0,0,0,0,1,0,1,0,0,0
600911,1,0,0,1,1,0,0,0,0,0,0,0
921369,1,0,0,0,0,0,0,0,0,0,0,1
404780252,0,1,0,0,0,0,0,0,1,0,0,0
98509,1,0,0,0,0,0,0,0,0,0,0,0
33185,1,0,0,0,0,0,0,0,0,0,0,0
874200,0,0,0,1,1,0,0,1,0,0,0,0
46266842,0,0,0,0,0,0,1,1,0,0,1,1
8423864,0,0,0,0,0,0,1,0,0,0,0,0
139682,1,0,0,0,0,0,0,0,0,0,0,0
11114186,0,0,0,0,0,0,0,0,0,0,0,1
7606380,0,1,0,0,0,0,0,0,0,0,0,0
653283398,1,0,0,0,0,0,0,0,0,0,0,0
7728881,0,1,0,0,0,0,0,0,0,0,0,0
558294166,1,0,1,0,0,0,0,0,0,0,0,0
24193861,0,1,0,0,0,0,0,0,0,0,0,0
242387715,0,1,0,0,0,0,1,0,0,0,0,0
278913831,0,0,0,0,0,0,0,0,0,0,0,0
1673776358,1,0,0,0,0,1,0,0,0,0,0,0
874413,0,0,0,0,1,0,0,0,0,0,0,0
26473,0,0,0,0,0,0,0,0,0,0,0,0
24816,1,0,1,0,0,1,0,1,1,0,0,0
1686137449,1,0,0,1,0,0,0,0,0,0,0,0
650902272,1,1,0,0,0,0,0,0,0,0,0,1
371375105,0,0,0,1,0,1,0,0,0,0,0,0
225357348,0,0,0,0,0,0,0,1,0,1,0,0
677234601,1,0,0,0,0,1,0,0,0,0,0,0
224237737,1,0,0,1,0,0,1,0,0,0,0,0
874348,0,0,0,0,0,0,0,0,0,0,0,0
120286,0,0,0,1,1,0,0,0,0,0,0,0
328641,0,0,0,0,0,0,0,0,0,0,0,1
215864,0,0,0,0,0,1,0,0,0,0,0,0
246791410,0,0,1,0,0,0,1,0,0,0,0,0
611026573,0,0,0,1,0,1,0,0,0,0,1,0
880723,1,1,0,1,0,0,0,0,0,0,0,1
12761789,1,0,0,1,0,0,0,0,0,0,0,0
2025955,0,0,0,0,1,0,0,0,0,0,0,0
28870,0,0,0,0,0,0,0,0,0,0,0,0
113356987,1,0,0,0,1,0,0,0,0,0,1,1
592774643,0,0,0,1,0,0,0,0,0,0,0,0
554422655,0,0,0,0,0,0,0,0,0,0,0,0
671670,0,1,0,0,0,0,0,0,0,0,0,0
116517229,0,0,1,0,0,0,1,0,0,0,1,0
549517766,0,0,1,0,0,0,0,1,0,0,1,1
20986700,0,0,1,0,0,0,0,0,0,0,0,0
960540,0,0,0,0,0,0,0,0,0,0,0,0
4509211,0,0,0,0,0,0,0,1,0,0,0,1
7604030,0,1,0,0,0,0,0,0,1,0,0,0
11812161,0,0,1,0,0,0,0,0,0,0,0,0
602062523,0,1,0,0,0,0,0,0,0,0,0,0
371755,0,0,0,0,0,0,0,0,0,1,0,0
536457283,1,0,0,0,0,0,0,0,0,0,0,0
9206677,1,0,0,1,1,0,0,0,0,0,0,0
24324,0,1,0,0,0,0,0,0,0,0,0,1
36769,0,0,0,0,0,0,0,0,0,0,0,0
573918458,0,0,0,0,0,0,1,0,0,0,1,0
571641905,1,0,0,0,1,0,0,0,0,0,0,0
36171059,0,0,1,0,0,0,0,0,0,0,0,0
710725,0,1,1,0,0,0,1,0,0,1,0,1
7728238,0,0,0,0,0,0,0,0,0,0,0,0
647336542,0,0,0,1,0,1,0,0,0,0,0,0
571820600,0,0,1,0,0,0,0,0,0,0,0,0
25990093,0,1,0,1,1,0,1,0,0,1,0,0
637641859,1,0,0,0,0,0,0,0,0,0,0,0
2954992,1,0,0,0,0,0,0,1,0,0,0,0
265434,1,0,0,0,0,1,0,0,0,0,0,0
650773385,1,0,0,1,0,0,0,0,0,0,0,0
228489698,1,0,0,1,0,0,0,0,0,0,0,0
204765597,0,0,0,0,0,0,0,0,0,0,0,0
5703481,1,0,0,1,0,0,0,0,0,0,0,0
50918463,1,0,0,0,0,0,0,0,0,0,0,0
4481199,0,0,0,0,0,0,0,0,1,0,0,0
253665025,0,0,0,0,0,0,0,0,0,0,0,0
240590335,1,0,0,0,0,0,0,0,0,0,0,0
45015663,0,0,0,1,0,0,0,0,1,0,0,0
3178442,1,0,0,1,0,0,0,0,0,0,1,0
26764279,0,0,0,0,0,1,1,0,0,1,1,0
49682935,0,1,0,0,0,0,0,0,0,0,0,0
315179920,1,0,0,1,0,0,0,0,0,0,0,0
6182532,0,0,0,0,0,0,0,0,0,0,1,0
3743797,1,0,0,0,0,0,0,0,0,0,1,0
13706761,0,0,0,0,0,1,1,0,0,0,0,0
7631121,0,0,0,0,1,0,0,0,0,0,0,0
145617165,0,0,0,0,0,0,0,0,1,0,0,0
310073311,1,0,0,1,0,1,0,0,0,0,0,0
108518404,1,0,0,0,0,0,0,0,0,0,0,0
678984547,0,0,0,0,0,0,0,0,0,0,0,0
575024801,0,1,0,1,0,0,0,0,0,0,0,1
39510693,1,0,0,0,0,0,0,0,0,0,0,0
33542943,0,0,0,0,0,0,0,0,0,0,0,0
46099827,1,0,0,1,0,0,0,0,0,0,0,0
135613,1,0,0,1,0,0,0,0,0,0,0,0
9070579,0,1,0,0,0,0,0,0,0,0,0,0
416409020,0,1,0,0,0,0,1,1,0,0,0,1
559411734,1,0,0,0,0,0,0,0,0,0,0,0
1673028342,0,0,0,0,0,1,0,0,1,0,0,0
24929296,1,0,0,1,0,0,0,0,0,0,0,0
419853,1,0,0,0,0,0,1,0,0,1,1,0
687130,1,1,1,1,1,1,0,0,0,0,0,1
416930,0,0,0,0,0,0,0,0,0,0,1,0
2003650,0,1,1,1,0,0,0,0,0,0,0,1
117497706,1,0,0,0,0,1,0,0,0,0,0,0
370131860,0,0,0,0,0,0,0,0,1,0,0,0
25594,0,0,0,1,1,0,0,0,0,0,0,0
385727,1,1,0,1,0,1,1,0,1,0,0,0
364086,0,0,0,0,0,0,0,0,0,0,0,0
4512332,0,0,0,0,0,0,0,0,0,0,0,0
5424489,0,0,0,0,0,0,1,0,0,0,0,1
560549330,0,0,0,0,0,0,0,0,0,0,0,0
255770,0,0,0,0,0,0,0,0,0,0,0,0
25715728,0,0,0,0,0,0,1,1,0,0,0,0
36219009,1,0,0,0,0,0,0,0,0,0,0,0
263675832,1,0,0,1,0,0,0,0,0,0,0,0
243223852,0,1,1,0,0,1,0,0,0,0,0,0
36632718,1,0,0,1,0,1,0,0,0,0,0,0
9069931,0,0,0,1,0,0,0,1,0,0,0,1
3026237,1,0,0,0,0,0,0,0,0,0,0,0
423490,0,0,0,0,1,0,0,0,0,0,0,0
32933,1,0,0,1,0,0,0,0,0,0,0,0
35248832,0,0,0,0,0,0,0,1,0,0,0,0
61534042,1,0,0,0,1,0,0,0,0,0,0,0
133103539,1,0,0,1,1,0,1,0,0,0,0,0
693629,0,1,1,0,0,0,0,1,0,0,0,1
27768,0,1,0,0,0,0,1,0,0,0,0,1
25080,1,0,0,0,0,0,1,0,0,0,0,0
12485604,1,0,0,1,0,1,0,0,0,0,0,0
25798,1,1,1,1,0,1,0,0,0,0,0,0
125070,0,0,0,0,0,0,0,0,0,1,0,0
30844795,0,0,0,0,1,0,0,0,0,0,0,0
45308758,1,0,0,1,0,0,0,1,0,0,0,0
433272951,1,0,0,1,0,0,0,0,0,0,0,0
28462113,0,0,0,1,0,0,0,1,0,0,0,0
7009878,0,0,0,1,0,0,1,0,0,0,0,0
877912,1,1,0,1,0,0,1,0,0,0,1,0
309184792,0,1,1,0,0,0,0,0,0,0,0,0
120229,0,0,0,0,1,0,1,0,0,0,0,0
31289378,0,0,0,0,0,0,0,0,0,0,0,0
225312313,0,0,0,1,0,0,0,1,0,0,0,0
34219,1,1,0,0,0,0,0,0,0,1,1,0
37819645,1,0,0,0,1,0,1,0,0,0,0,0
277824630,0,1,0,1,0,0,0,0,0,0,0,0
47097690,1,0,0,0,0,0,0,0,0,0,0,0
332339,0,0,1,0,0,0,0,0,0,0,0,0
23246856,0,0,0,0,0,0,0,0,0,0,0,0
47399863,0,0,0,1,1,0,0,1,1,0,0,0
402951024,0,0,0,1,0,0,0,0,0,0,0,0
229087176,0,0,0,0,0,0,0,1,0,0,0,0
27892633,1,0,0,0,0,0,0,0,0,0,0,0
878060,1,0,1,0,1,0,0,0,0,1,0,0
7688424,1,0,0,1,1,0,0,0,0,0,0,0
8986547,1,0,0,0,0,0,0,0,0,0,0,0
1423826,1,1,1,0,0,0,0,0,0,0,0,0
35601,0,1,0,0,0,0,0,1,0,0,0,0
27369115,1,1,0,0,0,0,1,0,0,0,1,0
25046,1,0,0,0,0,0,0,0,0,0,0,0
29698,0,1,0,0,0,0,0,0,0,0,0,1
4493458,1,1,0,0,1,0,0,0,0,0,0,0
28010,0,0,0,0,0,0,0,0,0,0,0,0
33364824,1,1,1,1,1,0,0,0,0,0,0,0
27441,1,0,1,0,0,0,0,0,0,0,0,0
114205175,0,0,0,0,0,0,0,0,0,0,0,0
109129442,0,0,1,0,0,0,1,0,0,0,0,0
22594191,0,0,0,0,1,0,0,1,0,0,0,0
52322388,0,0,0,0,0,0,0,0,1,0,0,1
241653204,0,0,0,1,0,0,0,0,0,0,0,0
717346811,1,0,0,0,1,0,0,0,0,0,0,0
1678200093,1,0,0,1,0,0,0,0,0,0,0,0
2796659,0,1,1,1,1,1,1,0,0,0,0,0
23626771,0,0,1,0,0,0,1,0,1,0,1,0
562128961,1,0,0,0,0,1,0,0,0,0,0,0
571664452,1,0,0,1,0,0,0,0,0,0,0,0
254955910,0,0,1,0,0,0,0,0,0,0,1,0
412911458,1,1,1,1,0,0,0,0,0,0,0,0
277799796,1,0,0,1,0,1,0,0,0,0,0,0
633445224,1,0,0,0,0,0,0,0,0,0,0,0
1988889,0,0,1,0,0,0,0,0,0,1,0,0
254910893,1,1,0,1,1,1,1,0,0,1,0,0
639036735,1,0,0,0,0,0,0,0,0,0,0,0
883409,0,0,0,0,0,0,0,0,0,0,0,0
9858113,1,0,0,0,0,0,0,0,0,0,0,0
36367670,1,1,0,0,0,0,0,0,0,0,0,0
319092,0,0,0,0,0,0,1,1,0,1,0,1
255035,0,1,1,0,1,0,1,0,0,0,0,0
26290,0,0,0,0,0,0,0,0,0,0,0,0
279359732,1,0,0,1,1,0,0,0,0,0,0,0
1586943,0,0,0,0,0,0,0,0,0,0,0,0
307429695,0,0,0,1,0,0,0,0,0,1,0,0
319674,0,0,0,0,1,0,0,0,0,0,0,0
1528824,0,0,0,0,0,0,0,0,0,0,0,0
266013918,1,0,0,0,0,0,0,0,0,0,0,0
24703860,1,0,1,0,1,0,0,0,0,0,0,1
615639771,0,0,0,0,1,0,0,0,0,1,0,0
43279463,1,0,0,1,0,0,0,0,0,0,0,0
4508970,0,0,0,0,0,0,0,0,0,0,0,0
166115,1,0,0,1,0,0,0,0,0,0,0,0
39268712,1,0,0,1,0,1,0,0,0,0,0,0
48876961,0,0,1,1,0,0,0,0,0,0,0,0
1313917,1,0,0,1,0,0,0,0,0,0,0,0
1192308,1,0,0,0,0,1,0,0,0,0,0,0
647536411,1,0,0,0,0,1,0,0,0,0,0,0
35735,0,1,0,0,0,0,0,0,0,0,0,0
253931396,1,0,0,0,0,0,1,0,1,0,0,0
319388181,0,1,0,0,0,0,0,0,0,0,0,1
602949300,0,0,0,1,0,0,0,1,0,0,0,0
1685354464,1,0,0,0,0,0,0,0,0,0,0,0
683328925,0,0,0,1,1,0,0,0,0,0,1,0
1029971,0,0,0,0,0,0,0,0,0,0,0,0
8515825,0,0,0,0,0,0,0,0,0,0,0,0
105901792,0,0,0,1,0,0,0,0,0,0,0,0
24762,1,0,0,0,1,0,0,0,0,0,0,0
716991875,1,0,0,1,0,0,0,0,0,0,0,0
24677080,1,0,0,0,1,1,0,0,0,0,0,0
421477092,1,0,0,0,0,0,0,0,0,0,0,0
315915,0,0,0,0,0,0,0,0,0,0,0,0
419846,0,0,0,0,0,0,1,1,0,0,0,1
881888,0,1,0,1,0,0,0,0,0,0,0,0
317553,0,0,0,0,0,0,0,0,0,0,0,0
11609342,0,1,0,0,0,0,0,0,0,1,0,0
310479285,0,0,0,0,1,1,0,1,0,0,1,0
206928583,1,0,0,1,0,0,0,0,0,0,0,0
107706507,0,0,1,1,0,0,0,0,0,0,0,0
106524288,0,0,0,1,0,1,0,0,1,0,0,0
93374,0,0,0,0,0,0,0,0,0,0,0,0
8288321,1,0,0,1,0,0,1,1,0,0,0,0
408000800,1,0,0,0,0,0,0,0,0,0,0,0
270062348,0,0,0,0,0,0,0,0,1,0,0,0
99645,1,0,0,1,1,1,0,0,0,0,0,0
27031,0,0,1,0,0,0,0,0,0,0,0,0
875875,0,1,0,1,1,0,0,0,0,0,0,0
24455152,0,0,0,0,0,0,0,0,0,0,0,0
572078292,1,0,0,0,0,1,0,0,0,0,0,0
256839883,0,0,0,1,0,0,1,0,0,0,0,0
13356885,1,0,0,0,0,1,1,0,0,0,0,0
5467725,0,0,0,0,0,0,0,0,0,0,0,0
24246,0,1,0,0,0,0,0,0,0,0,0,0
405627,0,0,0,0,0,0,0,0,0,0,0,0
49062639,0,0,0,0,1,0,0,0,0,1,0,0
133692495,0,1,0,0,1,0,0,0,0,0,0,1
354853,1,0,0,0,0,1,0,0,0,0,0,0
263531047,1,0,0,1,0,0,1,0,0,1,0,0
136678928,0,0,0,1,0,0,0,0,0,0,0,0
528955,0,0,0,0,0,0,0,0,0,0,0,0
323539890,0,0,0,1,0,0,1,0,0,0,0,0
249652,0,0,0,0,0,0,0,0,0,0,0,0
278820197,0,0,0,0,0,0,0,0,0,0,0,0
312283010,1,0,0,0,0,1,0,0,0,0,0,0
631045282,0,1,0,0,0,0,0,0,0,0,0,0
26239,1,0,0,0,0,0,0,0,0,0,0,0
135647,1,0,1,1,0,1,1,1,0,0,0,0
224236494,1,0,0,1,0,0,1,0,0,0,0,0
10079432,1,0,0,0,0,0,0,0,0,0,0,0
115161163,1,1,1,0,0,0,0,0,0,0,0,0
288991,0,0,0,0,0,0,0,0,0,0,0,0
32507,0,0,0,0,0,0,0,0,0,0,0,0
11149827,0,0,0,1,0,0,0,0,0,0,0,0
8101907,0,0,0,0,1,0,1,1,0,0,0,0
378179277,1,0,0,1,0,0,0,0,0,0,0,0
319720251,1,0,0,0,0,0,0,1,0,0,0,0
435071761,0,0,1,0,0,1,1,0,0,0,0,0
32623,1,0,0,0,0,0,0,0,0,0,0,0
1776217412,0,0,1,0,0,0,1,0,1,0,0,0
4509216,1,1,0,1,0,0,1,0,0,0,0,0
141760514,1,0,0,0,0,0,0,0,0,0,0,0
108945349,0,0,0,0,1,0,0,0,0,0,0,0
225557674,1,0,1,0,0,0,0,0,0,0,0,0
22071181,0,0,0,0,0,0,0,0,0,0,1,0
1042855,0,0,0,0,0,0,0,0,0,0,0,0
36478,0,1,0,1,1,0,1,1,1,0,1,0
272485300,0,0,0,0,0,0,0,0,0,0,0,0
12191105,0,0,1,0,1,0,0,0,0,0,0,0
691691646,1,0,0,0,0,0,1,0,0,0,0,0
1184435,1,0,0,0,1,0,0,0,0,1,0,0
705657695,0,1,0,1,0,0,0,0,0,0,0,0
1871598340,0,0,0,0,0,0,0,1,0,0,0,0
11172383,1,0,0,0,0,0,0,0,0,0,0,0
711440557,0,0,1,0,0,1,1,0,0,0,0,0
314238373,0,0,0,0,0,0,0,0,0,0,0,0
38720301,1,0,0,0,0,0,0,0,0,0,0,0
4481673,0,0,0,0,0,0,0,0,0,0,0,0
6297413,0,1,1,0,1,0,1,0,0,1,0,1
22761611,0,0,0,0,0,0,0,0,0,1,0,0
261084576,1,0,0,1,0,1,0,0,0,0,0,0
3609766,1,0,0,0,0,0,0,0,0,0,0,0
316867676,1,0,0,0,0,0,0,0,0,0,0,0
870792,0,0,0,0,0,0,0,0,0,0,0,0
540181722,0,0,0,1,0,0,1,0,0,0,0,0
687135,0,0,0,0,0,0,0,0,0,0,1,0
2422852,0,0,0,0,0,0,0,0,0,0,0,0
712354656,0,0,0,0,1,0,0,0,0,0,0,0
418165027,0,1,0,0,0,0,0,0,0,0,0,0
24545059,1,1,0,1,0,0,1,0,1,0,0,0
653748561,1,0,1,1,0,0,1,1,0,1,1,1
26745995,0,0,0,0,0,0,0,0,1,0,0,0
42915199,1,1,1,1,1,0,0,0,0,0,0,0
24623,1,0,0,0,0,1,0,0,0,0,0,0
12344385,0,0,0,0,0,0,1,0,0,0,0,1
588136531,0,1,0,0,0,0,0,0,0,0,0,0
321244,0,0,0,0,0,0,0,0,1,0,0,0
1761348473,0,0,0,0,0,0,0,0,0,0,0,1
31449,0,0,1,1,0,0,0,0,0,0,0,0
300902827,0,1,0,0,0,0,0,0,0,0,0,0
141647006,0,0,0,0,0,0,0,0,0,0,1,0
79611048,0,0,0,1,1,0,0,0,0,0,1,0
595471999,1,1,0,0,0,0,1,0,0,0,0,0
154090027,1,0,0,1,0,1,0,0,0,0,0,0
7689657,0,0,0,0,0,0,0,0,0,0,1,0
127549,1,0,1,0,0,0,0,0,0,1,0,0
283397098,1,0,0,1,1,1,0,0,0,0,0,0
278356438,1,1,1,0,0,0,0,0,0,0,1,0
407268,0,1,1,0,0,0,0,0,0,0,0,0
52807520,1,1,1,0,0,0,0,0,0,0,0,0
304428089,1,0,0,1,0,0,1,0,0,0,0,0
26934,0,0,0,0,0,0,0,1,0,0,0,0
281083548,0,0,0,1,0,0,1,0,0,0,0,0
1040458,0,1,0,1,0,0,0,0,0,0,1,0
222388947,0,0,0,1,1,0,1,0,0,0,0,0
2403173,1,0,0,0,0,0,0,0,0,0,0,1
881330,1,1,1,1,0,0,0,0,0,0,0,1
33444737,0,0,0,0,0,0,1,1,1,0,0,1
415241078,0,0,0,0,0,0,0,0,0,0,0,0
321461593,0,1,0,0,0,1,0,0,0,0,0,0
385872,0,1,0,0,1,0,0,0,0,0,0,1
33349,1,0,0,1,0,0,0,0,0,1,0,0
881503,0,0,0,1,0,0,0,0,0,0,1,0
36852,0,0,0,0,0,0,0,0,0,0,0,0
408338329,1,0,0,0,0,0,0,0,0,0,0,0
13627017,0,0,0,0,1,0,0,0,0,0,0,1
10039157,1,0,1,0,1,0,0,0,0,0,0,0
883218,0,0,0,0,0,0,0,0,0,0,0,0
416878,0,0,0,0,0,0,0,0,0,0,0,0
27560,0,0,0,0,0,0,0,0,0,0,0,0
262549448,1,1,1,1,0,1,0,0,0,0,0,0
376267397,0,1,1,0,0,1,0,0,0,1,0,0
130737517,1,0,0,1,0,0,0,0,1,0,0,0
1570881,1,0,0,0,0,0,1,1,0,0,0,0
25605,1,0,1,0,0,1,0,0,0,0,0,0
24872,1,0,0,0,0,0,0,0,0,0,0,1
141821364,0,1,0,0,0,0,0,0,0,0,0,0
2573627,0,1,0,0,0,0,0,0,0,0,0,1
713821465,1,0,0,0,0,1,0,0,0,0,0,0
695870118,0,1,0,0,0,0,0,0,0,0,0,0
282139998,0,0,0,0,0,0,0,0,0,0,0,0
24949690,0,1,0,0,0,0,0,0,0,0,0,0
44495162,0,1,0,0,0,0,0,0,0,0,0,0
880916,0,0,0,0,0,0,0,0,1,0,0,0
4481757,0,0,0,1,1,1,0,0,0,0,0,0
339429732,0,1,0,0,1,0,0,0,0,0,0,0
32074,0,1,0,0,0,0,0,0,0,0,0,1
1856089,0,0,0,1,0,0,0,0,0,0,0,0
121767,0,1,0,0,0,0,0,1,0,0,0,0
100060312,0,0,1,0,0,1,1,0,1,0,1,0
133551169,0,0,1,0,0,0,0,0,0,0,1,0
10332207,1,0,0,0,0,0,0,0,0,0,0,0
275296588,1,0,0,0,0,0,0,0,0,0,0,0
40985067,0,0,1,0,0,1,0,0,0,0,0,0
695075138,1,0,1,1,0,0,0,0,1,1,0,0
645116379,0,0,0,0,1,0,0,0,0,0,0,0
548810128,1,1,1,0,0,0,0,0,0,0,0,0
247782,0,0,0,0,0,1,0,0,0,0,0,0
36268,0,0,0,0,0,0,0,0,0,0,0,0
189510,0,0,0,0,0,0,0,0,0,0,0,0
10959548,1,0,0,0,0,0,0,0,0,0,0,0
595472652,0,1,0,0,0,0,1,0,0,0,0,0
275442,1,1,0,1,1,0,0,0,0,1,0,0
162270,0,1,1,1,1,1,0,0,0,0,0,0
322580786,0,0,0,0,0,0,0,0,0,0,0,0
25521313,0,0,0,0,0,0,0,0,0,0,0,1
881849,0,1,1,0,0,0,0,0,0,0,0,0
693209405,1,0,0,1,0,0,0,0,1,0,0,0
533359460,1,0,0,0,1,0,0,0,1,0,0,0
11063972,0,0,0,0,0,0,0,0,0,1,0,1
35650772,0,1,0,0,0,0,0,0,0,0,0,0
100482,0,0,0,0,0,0,0,0,0,1,0,0
631649032,0,1,0,1,0,0,0,0,0,0,0,0
253781980,0,1,0,0,0,0,0,0,0,0,0,0
591593901,1,0,0,0,0,0,0,0,0,0,0,0
31424,0,0,1,0,0,0,1,0,0,0,0,0
25593,1,0,0,0,0,0,0,0,0,0,1,0
28567,0,1,0,0,0,0,0,0,0,0,0,0
11420379,0,1,1,1,0,0,0,0,0,0,0,0
1783060399,0,0,0,1,0,0,0,0,0,0,0,0
649013,1,0,0,0,0,0,0,0,0,0,0,0
256832485,1,1,0,1,0,0,1,0,0,0,0,0
1578002,0,0,0,0,1,0,0,0,0,0,0,0
409918376,0,0,0,1,0,1,0,0,0,0,0,0
65044643,1,0,0,0,0,0,1,0,0,0,0,1
794669,0,1,0,1,0,0,0,0,0,0,0,1
308047,1,1,0,0,0,0,0,0,0,1,0,0
324672225,0,0,0,0,1,0,0,1,0,0,0,0
650355034,0,0,1,0,0,0,0,0,0,0,0,0
23049465,1,0,0,0,0,0,0,0,0,1,0,1
1266465,1,1,1,1,1,0,1,0,0,1,0,0
540573682,1,0,0,0,0,0,0,0,0,0,0,0
92852,0,1,0,0,0,0,0,1,0,0,0,0
8189020,0,0,1,0,1,0,1,0,0,1,1,1
8189623,0,0,0,0,0,0,0,1,1,0,0,0
409125654,0,0,1,0,0,0,0,0,0,0,0,0
254847,0,0,0,0,0,0,1,0,0,0,0,0
140577,1,0,0,1,0,0,0,0,1,0,0,1
35418,0,0,1,0,0,0,0,0,0,0,0,0
621569,0,0,0,0,0,0,0,1,0,0,0,0
108801478,0,0,0,0,0,0,0,1,1,0,0,0
261426,0,1,1,0,0,0,0,0,1,1,0,0
404460,0,1,0,0,0,0,0,0,0,0,0,0
7686901,0,0,0,1,1,0,0,0,0,0,0,0
311801000,0,0,0,0,0,0,0,0,0,0,0,0
1761324915,0,0,0,0,0,0,0,0,0,0,0,0
258769,1,0,1,1,0,1,0,0,0,0,0,0
704505677,1,1,0,0,0,1,0,0,0,0,0,0
100757671,0,0,1,0,1,1,1,0,0,0,0,0
1671738162,1,0,0,0,0,0,0,0,0,0,0,0
555268516,0,1,0,0,0,0,0,0,0,0,0,0
42154124,1,0,0,0,0,1,0,0,0,1,0,0
27027,0,0,0,0,0,0,0,0,0,0,0,0
310862054,0,0,0,0,0,0,0,0,0,0,0,0
142648423,0,0,0,1,0,0,0,0,0,1,0,0
31339527,1,0,0,0,0,0,1,0,0,0,0,0
129263324,0,0,0,1,0,1,1,1,0,0,0,0
32073,0,1,0,1,0,0,0,0,0,0,0,0
382553,1,1,1,1,0,1,1,0,1,0,0,0
51198843,1,0,0,0,1,0,0,0,0,0,0,0
27978054,0,0,0,1,0,0,0,1,0,0,0,0
28484,1,0,0,0,0,1,0,0,0,0,1,0
321572356,1,0,0,0,0,0,0,0,0,0,0,0
242747766,1,0,0,0,0,0,0,0,0,0,0,0
142375117,1,0,0,0,0,0,0,0,0,0,0,0
22309440,0,1,0,0,0,0,0,0,0,0,0,0
572580675,1,0,0,0,0,0,1,0,0,0,0,0
366057508,1,0,0,1,1,0,0,0,0,0,0,0
1432519,0,0,1,0,0,0,0,0,0,0,0,0
62173146,1,1,0,1,1,1,0,0,0,0,0,0
408304689,1,0,0,1,1,0,1,0,0,0,0,0
121246,0,0,0,0,0,0,1,0,0,0,0,0
354321,0,0,0,0,0,0,0,0,0,0,1,0
406896,0,1,0,0,0,0,0,0,0,0,0,0
294957,0,1,1,0,0,0,1,0,0,0,0,0
32192,0,0,1,1,0,0,0,0,0,0,0,0
403430039,1,1,0,0,0,0,1,0,0,0,0,0
8057882,0,1,1,1,0,0,0,0,0,0,0,0
693261202,1,0,0,1,0,0,0,0,1,0,0,0
403013221,0,1,0,1,0,0,1,0,0,0,0,0
106718277,0,0,0,0,0,0,1,0,0,0,0,0
629268721,1,0,0,0,0,0,0,0,0,0,0,0
552285,0,1,1,0,0,0,0,0,0,0,0,0
128057414,1,0,0,1,0,0,0,0,0,0,0,0
876873,0,0,0,1,1,1,0,0,0,0,0,0
9239560,0,0,0,0,0,0,0,0,0,0,0,0
10494290,0,1,0,0,0,0,0,0,0,0,0,0
371481,1,0,0,0,0,0,0,0,0,0,0,0
10620860,0,1,0,0,0,0,0,0,0,0,0,0
858757,0,0,0,0,0,0,0,0,0,0,0,1
7654965,1,0,1,0,0,0,1,0,0,1,0,1
641300039,0,1,1,0,0,1,0,1,0,0,0,1
27762,0,0,0,1,0,0,0,0,0,0,0,0
142230,1,1,0,0,0,0,0,0,0,0,0,0
33352978,0,0,0,0,1,0,0,0,0,0,0,0
79723070,0,0,0,0,0,0,0,0,0,0,0,0
672643147,1,0,0,1,0,0,0,0,0,0,0,0
576158911,0,0,1,0,0,0,0,1,0,0,0,1
20376907,0,1,0,0,0,0,0,0,0,0,0,0
695365,0,0,0,0,0,0,1,1,0,0,1,0
10524873,0,0,1,0,1,0,1,1,1,0,0,0
325472579,0,0,0,0,1,0,1,0,1,0,0,0
26652603,1,0,0,1,0,1,0,0,0,0,0,0
41133462,0,0,0,0,0,0,1,0,0,0,0,0
107144331,1,0,0,0,0,0,0,0,0,1,0,0
42219841,0,0,0,0,0,0,0,0,0,0,0,0
272471835,1,0,0,1,1,0,1,0,0,0,0,0
24403297,1,1,1,0,1,0,1,0,0,0,0,0
430935769,0,0,1,0,1,0,0,0,0,1,0,0
273276,0,1,1,0,1,0,1,0,0,1,0,1
124101,0,0,1,0,0,0,0,0,0,1,0,0
26008,0,1,0,0,0,0,0,0,0,0,0,1
34863,1,0,0,0,1,0,0,0,0,0,0,0
240573619,0,0,0,0,1,0,0,0,0,0,1,0
28236,0,0,1,0,0,0,0,0,0,0,0,0
225199094,1,0,0,1,0,0,0,0,0,0,0,0
273516426,1,0,0,0,0,0,1,0,0,0,0,0
34635,0,0,1,0,1,0,0,0,0,0,0,0
1679395234,1,0,0,0,0,0,0,0,0,0,0,0
31498,0,0,0,1,0,0,1,0,0,0,0,1
424954803,0,0,1,0,0,0,0,0,0,0,0,0
135238,1,1,0,0,0,0,1,0,0,0,0,0
32511,0,0,0,0,1,0,0,0,0,0,0,0
304598793,0,0,0,0,0,0,0,1,0,0,0,0
3274115,1,0,0,1,1,0,1,0,0,0,0,0
28871,0,0,0,0,0,0,0,0,0,0,0,0
693128628,1,0,0,0,0,1,0,0,0,0,0,0
25478219,0,0,1,0,0,0,0,0,1,0,0,0
3182421,0,0,1,0,0,0,0,1,0,0,1,1
1268514,0,0,1,0,0,0,1,0,0,0,0,0
12665597,0,0,0,1,0,0,0,0,0,0,0,0
29617,1,0,1,1,1,0,1,0,0,0,0,0
6044366,0,0,0,0,0,0,0,1,0,0,0,1
1677986244,0,1,0,0,0,0,0,0,0,0,0,0
9282918,0,0,1,0,1,0,0,0,0,1,0,0
8598555,1,1,1,1,1,1,1,1,0,0,1,0
243040896,1,0,0,0,0,0,0,0,0,0,0,0
145859589,0,0,0,0,0,0,0,0,1,0,0,0
30632,0,0,1,0,1,1,0,0,0,0,0,0
429733643,0,0,0,1,1,0,1,0,0,0,0,0
262698,0,0,0,0,0,0,0,0,0,0,0,0
177932577,0,0,0,0,0,0,0,0,1,0,0,0
309963,1,0,0,0,1,0,0,0,0,0,1,0
687223,1,1,0,0,0,1,0,0,1,0,1,0
